full_date,weekday,hour,mood,mood_score,sub_mood,activities,activity_count,is_weekend,has_meditation,has_exercise,mood_positive
2021-04-14,Wednesday,2,Normal,3,confused,reading | learning  | prayer | fasting  | Quran  | walk | meditation  | shower | podcast | Audio books  | writing | Watching series  | good meal | reddit | language learning  | streaming  | youtube | cooking | research  | new things  | designing  | repair | Documentary  | penpal | coding  | Tutorial,26,0,1,1,0
2021-04-13,Tuesday,2,Normal,3,wondering,reading | learning  | Art | prayer | fasting  | walk | meditation  | Audio books  | writing | Watching series  | News Update | good meal | reddit | language learning  | shave  | streaming  | youtube | cooking | research  | new things  | power nap | Documentary  | penpal | coding  | Tutorial,25,0,1,1,0
2021-04-11,Sunday,0,Normal,3,wondering,reading | learning  | prayer | fasting  | walk | meditation  | shower | Audio books  | writing | good meal | reddit | language learning  | streaming  | youtube | cooking | cleaning | research  | new things  | power nap | Documentary  | penpal | coding  | Tutorial,23,1,1,1,0
2021-03-30,Tuesday,21,Normal,3,wondering,reading | learning  | Art | prayer | fasting  | walk | meditation  | Audio books  | writing | Watching series  | language learning  | trimming  | streaming  | youtube | cooking | research  | new things  | power nap | songs | Documentary  | penpal | coding  | Tutorial,23,0,1,1,0
2021-03-25,Thursday,0,Normal,3,wondering,reading | learning  | Art | prayer | fasting  | walk | meditation  | shower | podcast | Audio books  | writing | Watching series  | good meal | reddit | language learning  | shave  | streaming  | youtube | cooking | cleaning | research  | new things  | power nap | songs | Documentary  | penpal | coding  | Tutorial,28,0,1,1,0
2021-03-21,Sunday,3,Normal,3,weak,reading | prayer | fasting  | walk | meditation  | shower | Audio books  | writing | Watching series  | News Update | good meal | reddit | language learning  | streaming  | youtube | cooking | research  | new things  | power nap | Documentary  | penpal | coding  | Tutorial,23,1,1,1,0
2021-03-16,Tuesday,21,Normal,3,weak,reading | learning  | Art | prayer | walk | meditation  | shower | writing | Watching series  | News Update | good meal | reddit | language learning  | shave  | streaming  | youtube | cooking | research  | new things  | power nap | Documentary  | penpal | coding  | Tutorial,24,0,1,1,0
2021-03-08,Monday,13,Normal,3,meh,learning  | prayer | fasting  | walk | meditation  | shower | Audio books  | writing | Watching series  | good meal | reddit | language learning  | streaming  | youtube | cooking | cleaning | research  | power nap | Documentary  | penpal | coding  | Tutorial,22,0,1,1,0
2021-03-05,Friday,21,Normal,3,wondering,prayer | walk | meditation  | shower | Audio books  | good meal | reddit | streaming  | youtube | cooking | power nap | Email | Documentary  | coding,14,0,1,1,0
2021-02-23,Tuesday,21,Normal,3,weak,reading | learning  | fasting  | walk | meditation  | podcast | Audio books  | writing | Watching series  | good meal | reddit | language learning  | streaming  | youtube | cooking | cleaning | research  | new things  | power nap | songs | Documentary  | penpal | coding  | Tutorial,24,0,1,1,0
2021-02-20,Saturday,20,Normal,3,wondering,reading | prayer | fasting  | walk | meditation  | shower | Audio books  | writing | Watching series  | good meal | reddit | language learning  | streaming  | youtube | cooking | research  | new things  | power nap | designing  | Documentary  | penpal | coding  | Tutorial,23,1,1,1,0
2021-02-18,Thursday,20,Normal,3,weak,learning  | Art | prayer | fasting  | meditation  | shower | Audio books  | writing | Watching series  | News Update | good meal | reddit | language learning  | streaming  | youtube | cooking | cleaning | research  | new things  | power nap | Documentary  | penpal | coding  | Tutorial,24,0,1,0,0
2021-02-16,Tuesday,21,Normal,3,weak,reading | learning  | walk | meditation  | reddit | language learning  | streaming  | youtube | cooking | cleaning | research  | new things  | power nap | Documentary,14,0,1,1,0
2021-01-31,Sunday,21,Normal,3,weak,reading | learning  | fasting  | Audio books  | writing | Watching series  | language learning  | yoga | shave  | Poetry  | streaming  | youtube | movies | cooking | cleaning | research  | new things  | power nap | Documentary  | penpal | coding  | Tutorial,22,1,0,1,0
2021-01-29,Friday,21,Normal,3,wondering,reading | learning  | fasting  | meditation  | shower | writing | Watching series  | reddit | language learning  | streaming  | youtube | movies | cooking | cleaning | research  | new things  | power nap | Documentary  | penpal | party | coding  | Tutorial,22,0,1,0,0
2021-01-19,Tuesday,21,Normal,3,wondering,reading | learning  | fasting  | walk | meditation  | shower | Audio books  | writing | Watching series  | News Update | good meal | reddit | language learning  | streaming  | youtube | cooking | cleaning | research  | new things  | power nap | Documentary  | penpal | coding  | Tutorial,24,0,1,1,0
2021-01-13,Wednesday,22,Normal,3,weak,reading | prayer | meditation  | shower | Audio books  | writing | Watching series  | good meal | reddit | language learning  | streaming  | youtube | cooking | research  | new things  | power nap | repair | Documentary  | penpal | coding  | Tutorial,21,0,1,0,0
2021-01-05,Tuesday,17,Normal,3,weak,reading | learning  | Art | fasting  | walk | shower | Audio books  | writing | good meal | reddit | language learning  | streaming  | youtube | movies | cooking | cleaning | research  | new things  | power nap | songs | Documentary  | penpal | coding  | Tutorial,24,0,0,1,0
2020-12-30,Wednesday,12,Normal,3,wondering,reading | learning  | fasting  | Audio books  | writing | Watching series  | good meal | reddit | language learning  | streaming  | youtube | cooking | cleaning | research  | power nap | Documentary  | penpal | coding  | Tutorial  | Recording,20,0,0,0,0
2020-12-26,Saturday,21,Normal,3,wondering,reading | learning  | walk | Audio books  | writing | Watching series  | good meal | reddit | streaming  | youtube | cooking | cleaning | research  | power nap | designing  | repair | penpal | coding  | Tutorial,19,1,0,1,0
2020-12-02,Wednesday,2,Normal,3,wondering,reading | learning  | Art | prayer | fasting  | walk | meditation  | shower | Audio books  | writing | Watching series  | News Update | good meal | reddit | language learning  | streaming  | youtube | cooking | cleaning | research  | new things  | power nap | Documentary  | penpal | coding  | Tutorial  | love,27,0,1,1,0
2020-11-29,Sunday,10,Normal,3,wondering,reading | fasting  | shower | podcast | Audio books  | writing | Watching series  | News Update | good meal | reddit | language learning  | streaming  | youtube | movies | cooking | research  | new things  | power nap | songs | Documentary  | penpal | coding  | Tutorial,23,1,0,0,0
2020-11-27,Friday,21,Normal,3,weak,learning  | prayer | fasting  | shower | Audio books  | writing | Watching series  | reddit | language learning  | streaming  | youtube | cooking | research  | new things  | power nap | songs | penpal | coding  | Tutorial  | love,20,0,0,0,0
2020-10-26,Monday,21,Normal,3,weak,learning  | prayer | fasting  | walk | meditation  | shower | Audio books  | writing | Watching series  | News Update | good meal | reddit | language learning  | streaming  | youtube | cooking | research  | new things  | power nap | Documentary  | coding  | Tutorial,22,0,1,1,0
2020-10-23,Friday,22,Normal,3,weak,reading | learning  | Art | prayer | fasting  | walk | meditation  | shower | Audio books  | writing | Watching series  | News Update | good meal | reddit | language learning  | Poetry  | streaming  | youtube | cooking | holotropic  | cleaning | research  | power nap | songs | Documentary  | penpal | coding  | Tutorial,28,0,1,1,0
2020-10-20,Tuesday,22,Normal,3,wondering,learning  | fasting  | walk | shower | Audio books  | Watching series  | News Update | good meal | reddit | language learning  | yoga | shave  | trimming  | Poetry  | streaming  | youtube | cooking | cleaning | research  | new things  | family | power nap | Email | Documentary  | penpal | coding  | Tutorial,27,0,0,1,0
2020-10-16,Friday,21,Normal,3,weak,learning  | Art | prayer | fasting  | walk | meditation  | shower | Dota 2 | Audio books  | writing | Watching series  | News Update | good meal | reddit | language learning  | streaming  | youtube | cooking | cleaning | research  | new things  | power nap | songs | Documentary  | penpal | coding  | Tutorial,27,0,1,1,0
2020-10-11,Sunday,23,Normal,3,confused,learning  | fasting  | walk | meditation  | Watching series  | News Update | good meal | reddit | language learning  | streaming  | youtube | cooking | cleaning | research  | new things  | power nap | penpal | coding  | Tutorial,19,1,1,1,0
2020-10-08,Thursday,20,Normal,3,weak,Art | fasting  | walk | shower | Audio books  | writing | Watching series  | News Update | good meal | reddit | language learning  | streaming  | youtube | cleaning | research  | new things  | power nap | Documentary  | penpal | coding  | Tutorial,21,0,0,1,0
2020-10-07,Wednesday,21,Normal,3,confused,learning  | Art | prayer | fasting  | Quran  | walk | shower | Audio books  | Watching series  | News Update | good meal | reddit | language learning  | streaming  | youtube | cooking | travel | cleaning | research  | new things  | power nap | Documentary  | penpal | coding  | Tutorial,25,0,0,1,0
2020-10-06,Tuesday,21,Normal,3,meh,learning  | Art | prayer | fasting  | Quran  | walk | meditation  | shower | Audio books  | writing | Watching series  | News Update | good meal | reddit | language learning  | streaming  | youtube | movies | cooking | cleaning | research  | new things  | power nap | Email | designing  | Documentary  | penpal | coding  | Tutorial,29,0,1,1,0
2020-10-05,Monday,21,Normal,3,meh,fasting  | walk | shower | Audio books  | Watching series  | News Update | good meal | reddit | language learning  | streaming  | youtube | cooking | cleaning | research  | new things  | power nap | Email | songs | designing  | Documentary  | penpal | coding  | Tutorial,23,0,0,1,0
2020-10-04,Sunday,21,Normal,3,wondering,learning  | Art | Audio books  | Watching series  | News Update | good meal | reddit | language learning  | Poetry  | streaming  | youtube | cooking | cleaning | research  | new things  | power nap | songs | Documentary  | penpal | coding  | Tutorial  | love,22,1,0,0,0
2020-10-03,Saturday,21,Normal,3,meh,learning  | Art | fasting  | walk | shower | Dota 2 | Audio books  | writing | Watching series  | News Update | good meal | reddit | language learning  | streaming  | youtube | cooking | cleaning | research  | new things  | power nap | songs | Documentary  | penpal | coding  | Tutorial,25,1,0,1,0
2020-10-02,Friday,21,Normal,3,weak,learning  | Art | prayer | fasting  | Quran  | walk | shower | Audio books  | writing | Watching series  | News Update | good meal | reddit | language learning  | streaming  | youtube | cooking | cleaning | research  | new things  | power nap | repair | penpal | coding  | Tutorial,25,0,0,1,0
2020-09-30,Wednesday,21,Normal,3,wondering,Art | fasting  | walk | podcast | Audio books  | Watching series  | News Update | good meal | reddit | language learning  | streaming  | youtube | cleaning | research  | power nap | Documentary  | penpal | coding  | Tutorial,19,0,0,1,0
2020-09-28,Monday,21,Normal,3,confused,learning  | Art | prayer | Quran  | walk | meditation  | shower | Dota 2 | Audio books  | Watching series  | News Update | good meal | reddit | language learning  | streaming  | youtube | cooking | holotropic  | cleaning | research  | new things  | power nap | songs | designing  | Documentary  | penpal | coding  | Tutorial,28,0,1,1,0
2020-09-22,Tuesday,21,Normal,3,weak,learning  | Art | prayer | fasting  | Quran  | walk | Audio books  | writing | Watching series  | News Update | good meal | reddit | language learning  | streaming  | youtube | cooking | cleaning | research  | new things  | power nap | songs | penpal | coding  | Tutorial,24,0,0,1,0
2020-09-19,Saturday,21,Normal,3,wondering,learning  | prayer | fasting  | Quran  | walk | meditation  | shower | Watching series  | News Update | good meal | reddit | language learning  | streaming  | youtube | cooking | cleaning | research  | new things  | songs | Documentary  | penpal | coding  | Tutorial,23,1,1,1,0
2020-09-14,Monday,22,Normal,3,weak,Art | prayer | fasting  | Quran  | walk | meditation  | shower | Audio books  | writing | Watching series  | good meal | reddit | language learning  | streaming  | youtube | cooking | research  | new things  | penpal | coding  | Tutorial  | Recording,22,0,1,1,0
2020-09-02,Wednesday,21,Normal,3,wondering,reading | learning  | Art | prayer | fasting  | Quran  | walk | meditation  | shower | Watching series  | News Update | good meal | reddit | language learning  | shave  | streaming  | youtube | cooking | holotropic  | family | power nap | songs | Documentary  | penpal | shopping | coding  | jobs | Recording,28,0,1,1,0
2020-08-31,Monday,22,Normal,3,meh,fasting  | walk | meditation  | shower | Audio books  | writing | Watching series  | News Update | good meal | reddit | language learning  | streaming  | youtube | travel | family | songs | penpal | coding  | Tutorial  | Recording,20,0,1,1,0
2020-08-30,Sunday,18,Normal,3,meh,prayer | fasting  | Quran  | walk | meditation  | Audio books  | writing | Watching series  | News Update | good meal | reddit | language learning  | streaming  | youtube | family | power nap | penpal | coding  | love | Recording,20,1,1,1,0
2020-08-27,Thursday,21,Normal,3,meh,Art | prayer | Exercise  | Quran  | walk | meditation  | shower | Audio books  | writing | Watching series  | News Update | good meal | reddit | language learning  | shave  | Poetry  | streaming  | youtube | cooking | cleaning | new things  | power nap | songs | Documentary  | penpal | coding  | Recording,27,0,1,1,0
2020-08-26,Wednesday,20,Normal,3,meh,Art | meditation  | shower | podcast | Audio books  | writing | News Update | good meal | reddit | language learning  | Poetry  | streaming  | youtube | research  | family | Documentary  | coding  | Recording,18,0,1,0,0
2020-08-24,Monday,22,Normal,3,meh,Art | Write dairy  | prayer | fasting  | Quran  | walk | meditation  | shower | Dota 2 | Audio books  | writing | Watching series  | News Update | good meal | reddit | language learning  | streaming  | youtube | movies | cleaning | new things  | Documentary  | coding  | Recording  | video editing,25,0,1,1,0
2020-08-22,Saturday,22,Normal,3,meh,reading | learning  | prayer | fasting  | Quran  | walk | meditation  | shower | Dota 2 | Audio books  | Watching series  | News Update | good meal | reddit | language learning  | streaming  | youtube | power nap | Documentary  | Tutorial  | Recording,21,1,1,1,0
2020-08-17,Monday,19,Normal,3,confused,prayer | fasting  | Quran  | walk | meditation  | shower | Audio books  | Watching series  | News Update | good meal | reddit | language learning  | streaming  | youtube | power nap | Documentary  | love,17,0,1,1,0
2020-08-15,Saturday,19,Normal,3,confused,learning  | prayer | Quran  | walk | meditation  | podcast | Audio books  | Watching series  | News Update | reddit | language learning  | streaming  | youtube | movies | songs | Documentary,16,1,1,1,0
2020-08-14,Friday,19,Normal,3,meh,prayer | fasting  | Quran  | walk | meditation  | shower | Dota 2 | podcast | Watching series  | News Update | good meal | reddit | language learning  | shave  | trimming  | streaming  | youtube | travel | family,19,0,1,1,0
2020-08-12,Wednesday,20,Normal,3,weak,Art | prayer | fasting  | Quran  | walk | meditation  | shower | podcast | Audio books  | writing | Watching series  | News Update | good meal | reddit | language learning  | streaming  | youtube | research  | new things  | power nap | songs | Documentary  | Tutorial  | love,24,0,1,1,0
2020-08-11,Tuesday,21,Normal,3,wondering,reading | Art | prayer | fasting  | Quran  | walk | meditation  | shower | podcast | Audio books  | writing | Watching series  | News Update | good meal | reddit | language learning  | Poetry  | streaming  | youtube | cleaning | power nap | songs | designing  | Documentary  | love,25,0,1,1,0
2020-08-10,Monday,21,Normal,3,wondering,reading | Art | prayer | fasting  | Quran  | walk | meditation  | shower | Dota 2 | Audio books  | writing | Watching series  | News Update | good meal | reddit | language learning  | shave  | trimming  | streaming  | youtube | cleaning | power nap | songs | Documentary  | love,25,0,1,1,0
2020-08-02,Sunday,21,Normal,3,meh,reading | prayer | fasting  | Quran  | walk | meditation  | shower | Dota 2 | podcast | Audio books  | writing | Watching series  | News Update | good meal | reddit | language learning  | streaming  | youtube | cleaning | research  | family | power nap | Documentary,23,1,1,1,0
2020-08-01,Saturday,22,Normal,3,wondering,Art | prayer | fasting  | Quran  | walk | meditation  | shower | Dota 2 | podcast | Audio books  | writing | Watching series  | News Update | good meal | reddit | language learning  | streaming  | youtube | movies | cleaning | power nap | songs | designing  | repair | Documentary  | love,26,1,1,1,0
2020-07-30,Thursday,21,Normal,3,wondering,reading | learning  | Art | Write dairy  | prayer | fasting  | Quran  | walk | meditation  | shower | Dota 2 | podcast | Audio books  | writing | Watching series  | News Update | good meal | reddit | language learning  | streaming  | youtube | cleaning | research  | songs | designing  | Documentary  | love,27,0,1,1,0
2020-07-26,Sunday,14,Normal,3,wondering,Art | prayer | fasting  | Quran  | walk | meditation  | shower | Dota 2 | podcast | Audio books  | writing | Watching series  | News Update | good meal | reddit | language learning  | streaming  | youtube | cleaning | power nap | designing,21,1,1,1,0
2020-07-25,Saturday,14,Normal,3,weak,learning  | Art | prayer | fasting  | Quran  | walk | meditation  | shower | Dota 2 | podcast | Audio books  | writing | News Update | good meal | reddit | language learning  | streaming  | youtube | cleaning | research  | power nap | songs | designing  | Tutorial,24,1,1,1,0
2020-07-24,Friday,21,Normal,3,wondering,learning  | Art | Write dairy  | prayer | fasting  | Quran  | walk | meditation  | shower | Dota 2 | podcast | Audio books  | writing | Watching series  | News Update | good meal | reddit | language learning  | streaming  | youtube | cleaning | research  | power nap | designing,24,0,1,1,0
2020-07-20,Monday,21,Normal,3,wondering,reading | learning  | Art | Write dairy  | prayer | Quran  | walk | meditation  | shower | Dota 2 | podcast | Audio books  | writing | Watching series  | News Update | good meal | reddit | language learning  | streaming  | youtube | cleaning | research  | new things  | power nap | songs | designing  | Documentary  | Tutorial  | love,29,0,1,1,0
2020-07-19,Sunday,21,Normal,3,confused,learning  | Art | prayer | fasting  | Quran  | walk | meditation  | shower | Dota 2 | podcast | Audio books  | writing | Watching series  | News Update | good meal | reddit | language learning  | streaming  | youtube | cleaning | power nap | songs | designing  | love,24,1,1,1,0
2020-07-13,Monday,23,Normal,3,confused,Art | prayer | Quran  | walk | shower | Dota 2 | Audio books  | writing | Watching series  | News Update | good meal | reddit | language learning  | streaming  | youtube | love,16,0,0,1,0
2020-07-07,Tuesday,21,Normal,3,weak,reading | prayer | fasting  | Quran  | walk | meditation  | Dota 2 | podcast | Audio books  | writing | Watching series  | News Update | good meal | reddit | language learning  | streaming  | youtube | family | songs | love,20,0,1,1,0
2020-07-05,Sunday,10,Normal,3,wondering,reading | Art | Write dairy  | prayer | Quran  | meditation  | shower | Dota 2 | podcast | Audio books  | News Update | good meal | reddit | shave  | trimming  | streaming  | youtube | power nap | love,19,1,1,0,0
2020-07-03,Friday,21,Normal,3,wondering,reading | Art | prayer | Quran  | walk | meditation  | Dota 2 | podcast | Audio books  | writing | Watching series  | News Update | good meal | reddit | shave  | trimming  | streaming  | youtube | cleaning | Email | songs | love,22,0,1,1,0
2020-06-29,Monday,21,Normal,3,wondering,Art | walk | Audio books  | News Update | good meal | reddit | streaming  | youtube | songs | love,10,0,0,1,0
2020-06-28,Sunday,21,Normal,3,confused,Write dairy  | prayer | Quran  | walk | meditation  | shower | Dota 2 | Audio books  | writing | Watching series  | News Update | good meal | reddit | language learning  | streaming  | youtube | songs | love,18,1,1,1,0
2020-06-26,Friday,21,Normal,3,wondering,reading | learning  | Art | Write dairy  | prayer | fasting  | Quran  | walk | meditation  | shower | Audio books  | writing | Watching series  | News Update | good meal | reddit | streaming  | youtube | research  | family | power nap | songs | penpal | party | love | Recording  | video editing,27,0,1,1,0
2020-06-23,Tuesday,21,Normal,3,wondering,reading | learning  | Art | Write dairy  | prayer | Quran  | walk | meditation  | shower | podcast | Audio books  | writing | Watching series  | News Update | good meal | reddit | streaming  | youtube | research  | Email | songs | Documentary  | penpal | Tutorial  | love | Recording,26,0,1,1,0
2020-06-22,Monday,10,Normal,3,confused,reading | learning  | Art | Write dairy  | prayer | fasting  | Quran  | walk | meditation  | shower | Audio books  | writing | Watching series  | News Update | good meal | reddit | yoga | streaming  | youtube | research  | family | Email | songs | Documentary  | friends | penpal | Tutorial  | love | Recording,29,0,1,1,0
2020-06-20,Saturday,21,Normal,3,weak,reading | prayer | fasting  | Quran  | walk | meditation  | Audio books  | News Update | good meal | reddit | streaming  | youtube | family | power nap | songs | designing  | Documentary  | love,18,1,1,1,0
2020-06-11,Thursday,22,Normal,3,weak,walk | meditation  | shower | Audio books  | writing | News Update | good meal | reddit | language learning  | streaming  | youtube | power nap | songs,13,0,1,1,0
2020-06-08,Monday,23,Normal,3,weak,walk | Watching series  | good meal | reddit | language learning  | streaming  | youtube | family | songs | penpal,10,0,0,1,0
2020-06-06,Saturday,21,Normal,3,confused,reading | prayer | walk | Watching series  | good meal | reddit | language learning  | streaming  | youtube | songs | penpal,11,1,0,1,0
2020-06-05,Friday,21,Normal,3,confused,Art | fasting  | good meal | reddit | language learning  | streaming  | youtube | power nap | songs | designing  | penpal,11,0,0,0,0
2020-06-04,Thursday,21,Normal,3,confused,fasting  | walk | meditation  | shower | Audio books  | writing | Watching series  | good meal | reddit | language learning  | streaming  | youtube | power nap | penpal,14,0,1,1,0
2020-06-03,Wednesday,21,Normal,3,confused,Art | walk | shower | Audio books  | writing | good meal | reddit | streaming  | youtube | power nap | songs | penpal,12,0,0,1,0
2020-05-31,Sunday,21,Normal,3,wondering,reading | Write dairy  | prayer | fasting  | Quran  | walk | meditation  | shower | writing | Watching series  | News Update | good meal | language learning  | streaming  | youtube | power nap | songs,17,1,1,1,0
2020-05-30,Saturday,20,Normal,3,wondering,learning  | prayer | fasting  | walk | meditation  | shower | Dota 2 | Audio books  | writing | Watching series  | good meal | reddit | language learning  | streaming  | youtube | songs,16,1,1,1,0
2020-05-29,Friday,1,Normal,3,confused,learning  | Write dairy  | fasting  | walk | shower | Audio books  | good meal | reddit | streaming  | youtube | power nap | songs | penpal,13,0,0,1,0
2020-05-21,Thursday,20,Normal,3,meh,reading | learning  | Art | Write dairy  | prayer | fasting  | Quran  | meditation  | shower | Audio books  | writing | News Update | good meal | reddit | language learning  | streaming  | youtube | research  | new things  | power nap | songs | penpal | weight log,23,0,1,0,0
2020-05-03,Sunday,21,Normal,3,confused,prayer | fasting  | Quran  | walk | meditation  | Audio books  | Watching series  | News Update | good meal | reddit | streaming  | youtube | power nap | songs,14,1,1,1,0
2020-04-29,Wednesday,8,Normal,3,wondering,reading | learning  | prayer | fasting  | Quran  | walk | meditation  | shower | podcast | Audio books  | writing | Watching series  | News Update | good meal | reddit | streaming  | youtube | family | power nap | songs | designing,21,0,1,1,0
2020-04-19,Sunday,21,Normal,3,confused,prayer | walk | meditation  | shower | Dota 2 | Watching series  | News Update | good meal | reddit | streaming  | youtube | power nap | songs | penpal,14,1,1,1,0
2020-04-11,Saturday,22,Normal,3,wondering,walk | Watching series  | News Update | good meal | reddit | streaming  | youtube | songs | penpal,9,1,0,1,0
2020-04-07,Tuesday,19,Normal,3,confused,Art | Write dairy  | prayer | walk | meditation  | shower | podcast | Audio books  | writing | Watching series  | News Update | good meal | reddit | streaming  | youtube | cleaning | family | power nap | songs | penpal,20,0,1,1,0
2020-03-20,Friday,21,Normal,3,confused,walk | meditation  | Dota 2 | Audio books  | Watching series  | News Update | good meal | reddit | streaming  | youtube,10,0,1,1,0
2020-02-24,Monday,21,Normal,3,weak,prayer | walk | meditation  | shower | Watching series  | News Update | good meal | reddit | streaming  | youtube | songs,11,0,1,1,0
2020-02-07,Friday,21,Normal,3,confused,prayer | fasting  | walk | meditation  | shower | Dota 2 | podcast | Audio books  | Watching series  | News Update | good meal | reddit | streaming  | youtube | friends | penpal | keto,17,0,1,1,0
2020-01-22,Wednesday,21,Normal,3,wondering,walk | meditation  | Dota 2 | Audio books  | Watching series  | News Update | good meal | reddit | streaming  | youtube | power nap,11,0,1,1,0
2020-01-15,Wednesday,0,Normal,3,weak,fasting  | walk | meditation  | Dota 2 | podcast | Audio books  | Watching series  | News Update | reddit | streaming  | youtube,11,0,1,1,0
2019-11-22,Friday,21,Normal,3,wondering,prayer | fasting  | walk | meditation  | shower | Audio books  | Watching series  | News Update | reddit | youtube | keto | weight log,12,0,1,1,0
2019-11-18,Monday,22,Normal,3,meh,prayer | fasting  | walk | meditation  | shower | Audio books  | writing | News Update | good meal | reddit | streaming  | youtube | power nap | songs | keto | weight log,16,0,1,1,0
2019-11-13,Wednesday,18,Normal,3,confused,prayer | fasting  | walk | meditation  | Audio books  | Watching series  | News Update | good meal | reddit | streaming  | youtube | movies | kaballah | keto | weight log,15,0,1,1,0
2019-11-08,Friday,18,Normal,3,wondering,prayer | fasting  | walk | meditation  | podcast | Audio books  | Watching series  | News Update | reddit | streaming  | youtube | kaballah | keto | weight log,14,0,1,1,0
2019-09-20,Friday,14,Normal,3,confused,prayer | fasting  | shower | Audio books  | News Update | reddit | weight log,7,0,0,0,0
2019-09-19,Thursday,14,Normal,3,confused,fasting  | meditation  | News Update | reddit | youtube | research,6,0,1,0,0
2019-09-18,Wednesday,14,Normal,3,weak,Write dairy  | fasting  | meditation  | Dota 2 | News Update,5,0,1,0,0
2019-09-17,Tuesday,13,Normal,3,confused,Art | fasting  | meditation  | News Update | reddit | designing,6,0,1,0,0
2019-05-10,Friday,14,Normal,3,confused,prayer | fasting  | walk | shower | podcast | Audio books  | Watching series  | News Update | reddit | youtube | movies | Email | penpal | weight log,14,0,0,1,0
2019-05-05,Sunday,12,Normal,3,wondering,News Update | gaming | songs,3,1,0,0,0
2019-05-02,Thursday,15,Normal,3,confused,News Update | reddit | streaming  | youtube,4,0,0,0,0
2019-05-01,Wednesday,20,Normal,3,confused,walk | podcast | Audio books  | News Update | good meal | reddit | streaming  | youtube | Email | designing  | weight log,11,0,0,1,0
2019-04-27,Saturday,13,Normal,3,wondering,fasting  | podcast | News Update | reddit | streaming  | youtube | penpal | weight log,8,1,0,0,0
2019-03-01,Friday,19,Normal,3,confused,prayer | podcast | News Update | good meal | reddit | youtube | penpal,7,0,0,0,0
2019-03-01,Friday,12,Normal,3,confused,prayer | News Update | good meal | reddit | streaming  | youtube | penpal,7,0,0,0,0
2019-01-09,Wednesday,14,Normal,3,wondering,Dota 2 | podcast | Watching series  | News Update | good meal | reddit | streaming  | youtube,8,0,0,0,0
2019-01-07,Monday,10,Normal,3,confused,walk | meditation  | Dota 2 | podcast | Audio books  | News Update | good meal | streaming  | youtube | gaming | Email | penpal,12,0,1,1,0
2019-01-05,Saturday,10,Normal,3,confused,News Update,1,1,0,0,0
2018-12-28,Friday,19,Normal,3,wondering,prayer | Dota 2 | podcast | News Update | good meal | streaming  | youtube | movies | gaming,9,0,0,0,0
2018-12-25,Tuesday,11,Normal,3,wondering,reading | meditation  | shower | podcast | News Update | good meal | streaming  | youtube | gaming | penpal | weight log,11,0,1,0,0
2018-12-13,Thursday,18,Normal,3,confused,Dota 2 | News Update | good meal,3,0,0,0,0
2018-11-25,Sunday,18,Normal,3,confused,meditation  | Dota 2 | podcast | Audio books  | Watching series  | News Update | good meal | youtube | gaming | Email | penpal | weight log,12,1,1,0,0
2018-11-16,Friday,12,Normal,3,wondering,meditation  | podcast | Audio books  | News Update | good meal | streaming  | gaming,7,0,1,0,0
2018-11-09,Friday,13,Normal,3,wondering,reading | meditation  | shower | News Update | research,5,0,1,0,0
2018-11-05,Monday,10,Normal,3,wondering,reading | meditation  | Audio books  | News Update | youtube | new things  | penpal | weight log,8,0,1,0,0
2018-10-25,Thursday,10,Normal,3,wondering,News Update | penpal,2,0,0,0,0
2018-10-24,Wednesday,10,Normal,3,wondering,meditation  | News Update | new things  | penpal | weight log,5,0,1,0,0
2018-10-23,Tuesday,19,Normal,3,confused,prayer | walk | podcast | power nap | penpal,5,0,0,1,0
2018-10-22,Monday,11,Normal,3,confused,meditation  | power nap | songs,3,0,1,0,0
2018-09-25,Tuesday,14,Normal,3,wondering,shower | Audio books  | News Update | good meal | youtube,5,0,0,0,0
2018-09-16,Sunday,10,Normal,3,wondering,News Update | penpal,2,1,0,0,0
2018-09-12,Wednesday,10,Normal,3,confused,News Update | Email | penpal,3,0,0,0,0
2018-09-11,Tuesday,11,Normal,3,wondering,Dota 2 | podcast | Audio books  | News Update | youtube | penpal,6,0,0,0,0
2018-09-10,Monday,14,Normal,3,confused,News Update | good meal | youtube,3,0,0,0,0
2018-09-10,Monday,11,Normal,3,wondering,Watching series  | News Update | good meal | youtube | penpal,5,0,0,0,0
2018-07-01,Sunday,19,Normal,3,confused,reading | meditation  | shower | Dota 2 | Audio books  | Watching series  | streaming  | youtube | movies | Email | songs | jobs | weight log,13,1,1,0,0
2018-06-27,Wednesday,19,Normal,3,confused,shower | streaming  | youtube,3,0,0,0,0
2018-06-26,Tuesday,1,Normal,3,weak,Dota 2 | podcast | Audio books  | Watching series  | streaming  | youtube | Email,7,0,0,0,0
2018-06-14,Thursday,15,Normal,3,wondering,prayer | fasting  | shower | Dota 2 | youtube | power nap,6,0,0,0,0
2018-06-13,Wednesday,14,Normal,3,confused,Email | jobs,2,0,0,0,0
2018-05-24,Thursday,14,Normal,3,confused,Email | jobs,2,0,0,0,0
2018-05-08,Tuesday,20,Normal,3,confused,prayer,1,0,0,0,0
2018-05-06,Sunday,14,Normal,3,wondering,Audio books  | youtube | research,3,1,0,0,0
2018-05-05,Saturday,14,Normal,3,confused,Dota 2 | Watching series  | streaming  | youtube,4,1,0,0,0
2018-05-03,Thursday,14,Normal,3,confused,Watching series  | good meal | youtube | Email,4,0,0,0,0
2018-05-01,Tuesday,19,Normal,3,confused,Watching series  | good meal | streaming  | youtube | research,5,0,0,0,0
2018-04-27,Friday,19,Normal,3,wondering,Dota 2,1,0,0,0,0
2018-04-23,Monday,10,Normal,3,confused,power nap,1,0,0,0,0
2018-04-22,Sunday,23,Normal,3,wondering,Dota 2 | Watching series  | streaming  | youtube,4,1,0,0,0
2018-04-22,Sunday,14,Normal,3,meh,good meal | streaming  | youtube | research  | Email | jobs,6,1,0,0,0
2018-04-07,Saturday,13,Normal,3,weak,Dota 2 | good meal | streaming  | travel,4,1,0,0,0
2018-03-27,Tuesday,14,Normal,3,wondering,Dota 2 | streaming  | youtube | research  | Email,5,0,0,0,0
2018-03-17,Saturday,14,Normal,3,confused,streaming  | youtube,2,1,0,0,0
2018-03-17,Saturday,10,Normal,3,wondering,movies,1,1,0,0,0
2018-03-10,Saturday,10,Normal,3,meh,cleaning | power nap,2,1,0,0,0
2018-03-09,Friday,10,Normal,3,weak,walk,1,0,0,1,0
2018-03-06,Tuesday,10,Normal,3,wondering,Dota 2 | youtube | Email,3,0,0,0,0
2018-03-01,Thursday,14,Normal,3,meh,shower | good meal | streaming  | youtube | weight log,5,0,0,0,0
2018-03-01,Thursday,12,Normal,3,meh,Dota 2 | good meal | streaming  | youtube | power nap,5,0,0,0,0
2018-02-22,Thursday,14,Normal,3,confused,shower | Watching series  | youtube | movies | power nap,5,0,0,0,0
2018-02-21,Wednesday,14,Normal,3,wondering,youtube | power nap,2,0,0,0,0
2018-02-20,Tuesday,19,Normal,3,weak,walk | Dota 2 | Audio books  | Watching series  | streaming  | youtube,6,0,0,1,0
2018-02-20,Tuesday,10,Normal,3,confused,prayer | Watching series  | youtube | power nap,4,0,0,0,0
2018-02-16,Friday,6,Normal,3,confused,prayer | shower | Dota 2 | good meal | youtube | family,6,0,0,0,0
2018-02-15,Thursday,16,Normal,3,meh,youtube | power nap,2,0,0,0,0
2018-02-15,Thursday,10,Normal,3,wondering,prayer | fasting  | Dota 2 | streaming  | youtube,5,0,0,0,0
2018-02-13,Tuesday,9,Normal,3,confused,walk | meditation  | travel | Email,4,0,1,1,0
2018-02-11,Sunday,10,Normal,3,meh,Dota 2 | youtube | power nap,3,1,0,0,0
2018-02-09,Friday,18,Normal,3,meh,prayer | streaming  | youtube | travel | research  | new things,6,0,0,0,0
2018-02-09,Friday,11,Normal,3,meh,Dota 2 | streaming  | youtube,3,0,0,0,0
2018-02-07,Wednesday,19,Normal,3,weak,good meal | travel | research  | hospital  | weight log,5,0,0,0,0
2018-02-06,Tuesday,14,Normal,3,meh,fasting  | Dota 2 | Watching series  | good meal | weight log,5,0,0,0,0
2018-02-05,Monday,19,Normal,3,meh,prayer | Watching series,2,0,0,0,0
2018-02-04,Sunday,11,Normal,3,meh,meditation  | youtube | research,3,1,1,0,0
2018-02-03,Saturday,15,Normal,3,meh,walk | meditation  | Dota 2 | Audio books  | streaming  | travel | research  | new things,8,1,1,1,0
