tanggal_lengkap,hari,hour,mood,mood_score,sub_suasana_hati,aktivitas,activity_count,is_weekend,has_meditation,has_exercise,mood_positive
2020-10-07,Rabu,21,Netral,2,bingung,Belajar | Seni | Berdoa | Berpuasa | Membaca Quran | Jalan Kaki | Mandi | Buku Audio | Menonton Serial | Berita Terkini | Makan Enak | Reddit | Belajar Bahasa | Streaming | YouTube | Memasak | Traveling | Membersihkan Rumah | Penelitian | Hal Baru | Tidur Siang Singkat | Dokumenter | Sahabat Pena | Coding | Tutorial,25,0,0,1,0
2018-10-25,Kamis,10,Netral,2,bertanya-tanya,Berita Terkini | Sahabat Pena,2,0,0,0,0
2020-05-21,Kamis,20,Netral,2,biasa saja,Membaca | Belajar | Seni | Menulis Jurnal | Berdoa | Berpuasa | Membaca Quran | Meditasi | Mandi | Buku Audio | Menulis | Berita Terkini | Makan Enak | Reddit | Belajar Bahasa | Streaming | YouTube | Penelitian | Hal Baru | Tidur Siang Singkat | Mendengarkan Lagu | Sahabat Pena | Catatan Berat Badan,23,0,1,0,0
2020-07-20,Senin,21,Netral,2,bertanya-tanya,Membaca | Belajar | Seni | Menulis Jurnal | Berdoa | Membaca Quran | Jalan Kaki | Meditasi | Mandi | Dota 2 | Podcast | Buku Audio | Menulis | Menonton Serial | Berita Terkini | Makan Enak | Reddit | Belajar Bahasa | Streaming | YouTube | Membersihkan Rumah | Penelitian | Hal Baru | Tidur Siang Singkat | Mendengarkan Lagu | Desain | Dokumenter | Tutorial | Cinta,29,0,1,1,0
2020-09-22,Selasa,21,Netral,2,lemah,Belajar | Seni | Berdoa | Berpuasa | Membaca Quran | Jalan Kaki | Buku Audio | Menulis | Menonton Serial | Berita Terkini | Makan Enak | Reddit | Belajar Bahasa | Streaming | YouTube | Memasak | Membersihkan Rumah | Penelitian | Hal Baru | Tidur Siang Singkat | Mendengarkan Lagu | Sahabat Pena | Coding | Tutorial,24,0,0,1,0
2018-02-03,Sabtu,15,Netral,2,biasa saja,Jalan Kaki | Meditasi | Dota 2 | Buku Audio | Streaming | Traveling | Penelitian | Hal Baru,8,1,1,1,0
2018-03-09,Jumat,10,Netral,2,lemah,Jalan Kaki,1,0,0,1,0
2018-11-25,Minggu,18,Netral,2,bingung,Meditasi | Dota 2 | Podcast | Buku Audio | Menonton Serial | Berita Terkini | Makan Enak | YouTube | Bermain Game | Surel | Sahabat Pena | Catatan Berat Badan,12,1,1,0,0
2020-08-10,Senin,21,Netral,2,bertanya-tanya,Membaca | Seni | Berdoa | Berpuasa | Membaca Quran | Jalan Kaki | Meditasi | Mandi | Dota 2 | Buku Audio | Menulis | Menonton Serial | Berita Terkini | Makan Enak | Reddit | Belajar Bahasa | Bercukur | Merapikan Rambut | Streaming | YouTube | Membersihkan Rumah | Tidur Siang Singkat | Mendengarkan Lagu | Dokumenter | Cinta,25,0,1,1,0
2018-02-11,Minggu,10,Netral,2,biasa saja,Dota 2 | YouTube | Tidur Siang Singkat,3,1,0,0,0
2019-05-01,Rabu,20,Netral,2,bingung,Jalan Kaki | Podcast | Buku Audio | Berita Terkini | Makan Enak | Reddit | Streaming | YouTube | Surel | Desain | Catatan Berat Badan,11,0,0,1,0
2020-09-02,Rabu,21,Netral,2,bertanya-tanya,Membaca | Belajar | Seni | Berdoa | Berpuasa | Membaca Quran | Jalan Kaki | Meditasi | Mandi | Menonton Serial | Berita Terkini | Makan Enak | Reddit | Belajar Bahasa | Bercukur | Streaming | YouTube | Memasak | Meditasi Holotropik | Keluarga | Tidur Siang Singkat | Mendengarkan Lagu | Dokumenter | Sahabat Pena | Belanja | Coding | Pekerjaan | Rekaman,28,0,1,1,0
2018-03-17,Sabtu,10,Netral,2,bertanya-tanya,Menonton Film,1,1,0,0,0
2020-08-26,Rabu,20,Netral,2,biasa saja,Seni | Meditasi | Mandi | Podcast | Buku Audio | Menulis | Berita Terkini | Makan Enak | Reddit | Belajar Bahasa | Poetry | Streaming | YouTube | Penelitian | Keluarga | Dokumenter | Coding | Rekaman,18,0,1,0,0
2018-04-27,Jumat,19,Netral,2,bertanya-tanya,Dota 2,1,0,0,0,0
2018-10-23,Selasa,19,Netral,2,bingung,Berdoa | Jalan Kaki | Podcast | Tidur Siang Singkat | Sahabat Pena,5,0,0,1,0
2018-03-06,Selasa,10,Netral,2,bertanya-tanya,Dota 2 | YouTube | Surel,3,0,0,0,0
2020-12-02,Rabu,2,Netral,2,bertanya-tanya,Membaca | Belajar | Seni | Berdoa | Berpuasa | Jalan Kaki | Meditasi | Mandi | Buku Audio | Menulis | Menonton Serial | Berita Terkini | Makan Enak | Reddit | Belajar Bahasa | Streaming | YouTube | Memasak | Membersihkan Rumah | Penelitian | Hal Baru | Tidur Siang Singkat | Dokumenter | Sahabat Pena | Coding | Tutorial | Cinta,27,0,1,1,0
2020-10-16,Jumat,21,Netral,2,lemah,Belajar | Seni | Berdoa | Berpuasa | Jalan Kaki | Meditasi | Mandi | Dota 2 | Buku Audio | Menulis | Menonton Serial | Berita Terkini | Makan Enak | Reddit | Belajar Bahasa | Streaming | YouTube | Memasak | Membersihkan Rumah | Penelitian | Hal Baru | Tidur Siang Singkat | Mendengarkan Lagu | Dokumenter | Sahabat Pena | Coding | Tutorial,27,0,1,1,0
2020-08-17,Senin,19,Netral,2,bingung,Berdoa | Berpuasa | Membaca Quran | Jalan Kaki | Meditasi | Mandi | Buku Audio | Menonton Serial | Berita Terkini | Makan Enak | Reddit | Belajar Bahasa | Streaming | YouTube | Tidur Siang Singkat | Dokumenter | Cinta,17,0,1,1,0
2019-09-18,Rabu,14,Netral,2,lemah,Menulis Jurnal | Berpuasa | Meditasi | Dota 2 | Berita Terkini,5,0,1,0,0
2018-02-07,Rabu,19,Netral,2,lemah,Makan Enak | Traveling | Penelitian | Rumah Sakit | Catatan Berat Badan,5,0,0,0,0
2018-04-23,Senin,10,Netral,2,bingung,Tidur Siang Singkat,1,0,0,0,0
2020-08-01,Sabtu,22,Netral,2,bertanya-tanya,Seni | Berdoa | Berpuasa | Membaca Quran | Jalan Kaki | Meditasi | Mandi | Dota 2 | Podcast | Buku Audio | Menulis | Menonton Serial | Berita Terkini | Makan Enak | Reddit | Belajar Bahasa | Streaming | YouTube | Menonton Film | Membersihkan Rumah | Tidur Siang Singkat | Mendengarkan Lagu | Desain | Perbaikan | Dokumenter | Cinta,26,1,1,1,0
2020-04-07,Selasa,19,Netral,2,bingung,Seni | Menulis Jurnal | Berdoa | Jalan Kaki | Meditasi | Mandi | Podcast | Buku Audio | Menulis | Menonton Serial | Berita Terkini | Makan Enak | Reddit | Streaming | YouTube | Membersihkan Rumah | Keluarga | Tidur Siang Singkat | Mendengarkan Lagu | Sahabat Pena,20,0,1,1,0
2020-07-20,Senin,21,Netral,2,bertanya-tanya,Membaca | Belajar | Seni | Menulis Jurnal | Berdoa | Membaca Quran | Jalan Kaki | Meditasi | Mandi | Dota 2 | Podcast | Buku Audio | Menulis | Menonton Serial | Berita Terkini | Makan Enak | Reddit | Belajar Bahasa | Streaming | YouTube | Membersihkan Rumah | Penelitian | Hal Baru | Tidur Siang Singkat | Mendengarkan Lagu | Desain | Dokumenter | Tutorial | Cinta,29,0,1,1,0
2020-07-05,Minggu,10,Netral,2,bertanya-tanya,Membaca | Seni | Menulis Jurnal | Berdoa | Membaca Quran | Meditasi | Mandi | Dota 2 | Podcast | Buku Audio | Berita Terkini | Makan Enak | Reddit | Bercukur | Merapikan Rambut | Streaming | YouTube | Tidur Siang Singkat | Cinta,19,1,1,0,0
2018-04-27,Jumat,19,Netral,2,bertanya-tanya,Dota 2,1,0,0,0,0
2020-09-02,Rabu,21,Netral,2,bertanya-tanya,Membaca | Belajar | Seni | Berdoa | Berpuasa | Membaca Quran | Jalan Kaki | Meditasi | Mandi | Menonton Serial | Berita Terkini | Makan Enak | Reddit | Belajar Bahasa | Bercukur | Streaming | YouTube | Memasak | Meditasi Holotropik | Keluarga | Tidur Siang Singkat | Mendengarkan Lagu | Dokumenter | Sahabat Pena | Belanja | Coding | Pekerjaan | Rekaman,28,0,1,1,0
2021-02-16,Selasa,21,Netral,2,lemah,Membaca | Belajar | Jalan Kaki | Meditasi | Reddit | Belajar Bahasa | Streaming | YouTube | Memasak | Membersihkan Rumah | Penelitian | Hal Baru | Tidur Siang Singkat | Dokumenter,14,0,1,1,0
2018-03-27,Selasa,14,Netral,2,bertanya-tanya,Dota 2 | Streaming | YouTube | Penelitian | Surel,5,0,0,0,0
2018-03-27,Selasa,14,Netral,2,bertanya-tanya,Dota 2 | Streaming | YouTube | Penelitian | Surel,5,0,0,0,0
2021-01-29,Jumat,21,Netral,2,bertanya-tanya,Membaca | Belajar | Berpuasa | Meditasi | Mandi | Menulis | Menonton Serial | Reddit | Belajar Bahasa | Streaming | YouTube | Menonton Film | Memasak | Membersihkan Rumah | Penelitian | Hal Baru | Tidur Siang Singkat | Dokumenter | Sahabat Pena | Pesta | Coding | Tutorial,22,0,1,0,0
2018-12-25,Selasa,11,Netral,2,bertanya-tanya,Membaca | Meditasi | Mandi | Podcast | Berita Terkini | Makan Enak | Streaming | YouTube | Bermain Game | Sahabat Pena | Catatan Berat Badan,11,0,1,0,0
2018-02-15,Kamis,16,Netral,2,biasa saja,YouTube | Tidur Siang Singkat,2,0,0,0,0
2018-02-21,Rabu,14,Netral,2,bertanya-tanya,YouTube | Tidur Siang Singkat,2,0,0,0,0
2018-11-09,Jumat,13,Netral,2,bertanya-tanya,Membaca | Meditasi | Mandi | Berita Terkini | Penelitian,5,0,1,0,0
2018-09-12,Rabu,10,Netral,2,bingung,Berita Terkini | Surel | Sahabat Pena,3,0,0,0,0
2020-02-24,Senin,21,Netral,2,lemah,Berdoa | Jalan Kaki | Meditasi | Mandi | Menonton Serial | Berita Terkini | Makan Enak | Reddit | Streaming | YouTube | Mendengarkan Lagu,11,0,1,1,0
2018-05-08,Selasa,20,Netral,2,bingung,Berdoa,1,0,0,0,0
2020-04-19,Minggu,21,Netral,2,bingung,Berdoa | Jalan Kaki | Meditasi | Mandi | Dota 2 | Menonton Serial | Berita Terkini | Makan Enak | Reddit | Streaming | YouTube | Tidur Siang Singkat | Mendengarkan Lagu | Sahabat Pena,14,1,1,1,0
2020-06-05,Jumat,21,Netral,2,bingung,Seni | Berpuasa | Makan Enak | Reddit | Belajar Bahasa | Streaming | YouTube | Tidur Siang Singkat | Mendengarkan Lagu | Desain | Sahabat Pena,11,0,0,0,0
2020-02-07,Jumat,21,Netral,2,bingung,Berdoa | Berpuasa | Jalan Kaki | Meditasi | Mandi | Dota 2 | Podcast | Buku Audio | Menonton Serial | Berita Terkini | Makan Enak | Reddit | Streaming | YouTube | Teman | Sahabat Pena | Diet Keto,17,0,1,1,0
2021-02-16,Selasa,21,Netral,2,lemah,Membaca | Belajar | Jalan Kaki | Meditasi | Reddit | Belajar Bahasa | Streaming | YouTube | Memasak | Membersihkan Rumah | Penelitian | Hal Baru | Tidur Siang Singkat | Dokumenter,14,0,1,1,0
2019-01-07,Senin,10,Netral,2,bingung,Jalan Kaki | Meditasi | Dota 2 | Podcast | Buku Audio | Berita Terkini | Makan Enak | Streaming | YouTube | Bermain Game | Surel | Sahabat Pena,12,0,1,1,0
2020-12-02,Rabu,2,Netral,2,bertanya-tanya,Membaca | Belajar | Seni | Berdoa | Berpuasa | Jalan Kaki | Meditasi | Mandi | Buku Audio | Menulis | Menonton Serial | Berita Terkini | Makan Enak | Reddit | Belajar Bahasa | Streaming | YouTube | Memasak | Membersihkan Rumah | Penelitian | Hal Baru | Tidur Siang Singkat | Dokumenter | Sahabat Pena | Coding | Tutorial | Cinta,27,0,1,1,0
2019-04-27,Sabtu,13,Netral,2,bertanya-tanya,Berpuasa | Podcast | Berita Terkini | Reddit | Streaming | YouTube | Sahabat Pena | Catatan Berat Badan,8,1,0,0,0
2020-09-30,Rabu,21,Netral,2,bertanya-tanya,Seni | Berpuasa | Jalan Kaki | Podcast | Buku Audio | Menonton Serial | Berita Terkini | Makan Enak | Reddit | Belajar Bahasa | Streaming | YouTube | Membersihkan Rumah | Penelitian | Tidur Siang Singkat | Dokumenter | Sahabat Pena | Coding | Tutorial,19,0,0,1,0
2019-01-07,Senin,10,Netral,2,bingung,Jalan Kaki | Meditasi | Dota 2 | Podcast | Buku Audio | Berita Terkini | Makan Enak | Streaming | YouTube | Bermain Game | Surel | Sahabat Pena,12,0,1,1,0
2018-03-27,Selasa,14,Netral,2,bertanya-tanya,Dota 2 | Streaming | YouTube | Penelitian | Surel,5,0,0,0,0
2019-11-08,Jumat,18,Netral,2,bertanya-tanya,Berdoa | Berpuasa | Jalan Kaki | Meditasi | Podcast | Buku Audio | Menonton Serial | Berita Terkini | Reddit | Streaming | YouTube | Kabbalah | Diet Keto | Catatan Berat Badan,14,0,1,1,0
2021-01-31,Minggu,21,Netral,2,lemah,Membaca | Belajar | Berpuasa | Buku Audio | Menulis | Menonton Serial | Belajar Bahasa | Yoga | Bercukur | Poetry | Streaming | YouTube | Menonton Film | Memasak | Membersihkan Rumah | Penelitian | Hal Baru | Tidur Siang Singkat | Dokumenter | Sahabat Pena | Coding | Tutorial,22,1,0,1,0
2018-07-01,Minggu,19,Netral,2,bingung,Membaca | Meditasi | Mandi | Dota 2 | Buku Audio | Menonton Serial | Streaming | YouTube | Menonton Film | Surel | Mendengarkan Lagu | Pekerjaan | Catatan Berat Badan,13,1,1,0,0
2020-07-03,Jumat,21,Netral,2,bertanya-tanya,Membaca | Seni | Berdoa | Membaca Quran | Jalan Kaki | Meditasi | Dota 2 | Podcast | Buku Audio | Menulis | Menonton Serial | Berita Terkini | Makan Enak | Reddit | Bercukur | Merapikan Rambut | Streaming | YouTube | Membersihkan Rumah | Surel | Mendengarkan Lagu | Cinta,22,0,1,1,0
2018-06-26,Selasa,1,Netral,2,lemah,Dota 2 | Podcast | Buku Audio | Menonton Serial | Streaming | YouTube | Surel,7,0,0,0,0
2020-07-13,Senin,23,Netral,2,bingung,Seni | Berdoa | Membaca Quran | Jalan Kaki | Mandi | Dota 2 | Buku Audio | Menulis | Menonton Serial | Berita Terkini | Makan Enak | Reddit | Belajar Bahasa | Streaming | YouTube | Cinta,16,0,0,1,0
2019-09-19,Kamis,14,Netral,2,bingung,Berpuasa | Meditasi | Berita Terkini | Reddit | YouTube | Penelitian,6,0,1,0,0
2020-08-12,Rabu,20,Netral,2,lemah,Seni | Berdoa | Berpuasa | Membaca Quran | Jalan Kaki | Meditasi | Mandi | Podcast | Buku Audio | Menulis | Menonton Serial | Berita Terkini | Makan Enak | Reddit | Belajar Bahasa | Streaming | YouTube | Penelitian | Hal Baru | Tidur Siang Singkat | Mendengarkan Lagu | Dokumenter | Tutorial | Cinta,24,0,1,1,0
2019-09-20,Jumat,14,Netral,2,bingung,Berdoa | Berpuasa | Mandi | Buku Audio | Berita Terkini | Reddit | Catatan Berat Badan,7,0,0,0,0
2018-03-27,Selasa,14,Netral,2,bertanya-tanya,Dota 2 | Streaming | YouTube | Penelitian | Surel,5,0,0,0,0
2018-11-05,Senin,10,Netral,2,bertanya-tanya,Membaca | Meditasi | Buku Audio | Berita Terkini | YouTube | Hal Baru | Sahabat Pena | Catatan Berat Badan,8,0,1,0,0
2018-02-16,Jumat,6,Netral,2,bingung,Berdoa | Mandi | Dota 2 | Makan Enak | YouTube | Keluarga,6,0,0,0,0
2018-03-01,Kamis,12,Netral,2,biasa saja,Dota 2 | Makan Enak | Streaming | YouTube | Tidur Siang Singkat,5,0,0,0,0
2019-09-17,Selasa,13,Netral,2,bingung,Seni | Berpuasa | Meditasi | Berita Terkini | Reddit | Desain,6,0,1,0,0
2018-04-22,Minggu,23,Netral,2,bertanya-tanya,Dota 2 | Menonton Serial | Streaming | YouTube,4,1,0,0,0
2021-03-30,Selasa,21,Netral,2,bertanya-tanya,Membaca | Belajar | Seni | Berdoa | Berpuasa | Jalan Kaki | Meditasi | Buku Audio | Menulis | Menonton Serial | Belajar Bahasa | Merapikan Rambut | Streaming | YouTube | Memasak | Penelitian | Hal Baru | Tidur Siang Singkat | Mendengarkan Lagu | Dokumenter | Sahabat Pena | Coding | Tutorial,23,0,1,1,0
2018-06-13,Rabu,14,Netral,2,bingung,Surel | Pekerjaan,2,0,0,0,0
2020-08-17,Senin,19,Netral,2,bingung,Berdoa | Berpuasa | Membaca Quran | Jalan Kaki | Meditasi | Mandi | Buku Audio | Menonton Serial | Berita Terkini | Makan Enak | Reddit | Belajar Bahasa | Streaming | YouTube | Tidur Siang Singkat | Dokumenter | Cinta,17,0,1,1,0
2020-07-26,Minggu,14,Netral,2,bertanya-tanya,Seni | Berdoa | Berpuasa | Membaca Quran | Jalan Kaki | Meditasi | Mandi | Dota 2 | Podcast | Buku Audio | Menulis | Menonton Serial | Berita Terkini | Makan Enak | Reddit | Belajar Bahasa | Streaming | YouTube | Membersihkan Rumah | Tidur Siang Singkat | Desain,21,1,1,1,0
2020-10-04,Minggu,21,Netral,2,bertanya-tanya,Belajar | Seni | Buku Audio | Menonton Serial | Berita Terkini | Makan Enak | Reddit | Belajar Bahasa | Poetry | Streaming | YouTube | Memasak | Membersihkan Rumah | Penelitian | Hal Baru | Tidur Siang Singkat | Mendengarkan Lagu | Dokumenter | Sahabat Pena | Coding | Tutorial | Cinta,22,1,0,0,0
2021-03-30,Selasa,21,Netral,2,bertanya-tanya,Membaca | Belajar | Seni | Berdoa | Berpuasa | Jalan Kaki | Meditasi | Buku Audio | Menulis | Menonton Serial | Belajar Bahasa | Merapikan Rambut | Streaming | YouTube | Memasak | Penelitian | Hal Baru | Tidur Siang Singkat | Mendengarkan Lagu | Dokumenter | Sahabat Pena | Coding | Tutorial,23,0,1,1,0
2019-05-10,Jumat,14,Netral,2,bingung,Berdoa | Berpuasa | Jalan Kaki | Mandi | Podcast | Buku Audio | Menonton Serial | Berita Terkini | Reddit | YouTube | Menonton Film | Surel | Sahabat Pena | Catatan Berat Badan,14,0,0,1,0
2018-02-21,Rabu,14,Netral,2,bertanya-tanya,YouTube | Tidur Siang Singkat,2,0,0,0,0
2018-12-25,Selasa,11,Netral,2,bertanya-tanya,Membaca | Meditasi | Mandi | Podcast | Berita Terkini | Makan Enak | Streaming | YouTube | Bermain Game | Sahabat Pena | Catatan Berat Badan,11,0,1,0,0
2020-08-02,Minggu,21,Netral,2,biasa saja,Membaca | Berdoa | Berpuasa | Membaca Quran | Jalan Kaki | Meditasi | Mandi | Dota 2 | Podcast | Buku Audio | Menulis | Menonton Serial | Berita Terkini | Makan Enak | Reddit | Belajar Bahasa | Streaming | YouTube | Membersihkan Rumah | Penelitian | Keluarga | Tidur Siang Singkat | Dokumenter,23,1,1,1,0
2020-10-26,Senin,21,Netral,2,lemah,Belajar | Berdoa | Berpuasa | Jalan Kaki | Meditasi | Mandi | Buku Audio | Menulis | Menonton Serial | Berita Terkini | Makan Enak | Reddit | Belajar Bahasa | Streaming | YouTube | Memasak | Penelitian | Hal Baru | Tidur Siang Singkat | Dokumenter | Coding | Tutorial,22,0,1,1,0
2018-06-27,Rabu,19,Netral,2,bingung,Mandi | Streaming | YouTube,3,0,0,0,0
2020-09-28,Senin,21,Netral,2,bingung,Belajar | Seni | Berdoa | Membaca Quran | Jalan Kaki | Meditasi | Mandi | Dota 2 | Buku Audio | Menonton Serial | Berita Terkini | Makan Enak | Reddit | Belajar Bahasa | Streaming | YouTube | Memasak | Meditasi Holotropik | Membersihkan Rumah | Penelitian | Hal Baru | Tidur Siang Singkat | Mendengarkan Lagu | Desain | Dokumenter | Sahabat Pena | Coding | Tutorial,28,0,1,1,0
2019-09-18,Rabu,14,Netral,2,lemah,Menulis Jurnal | Berpuasa | Meditasi | Dota 2 | Berita Terkini,5,0,1,0,0
2018-05-24,Kamis,14,Netral,2,bingung,Surel | Pekerjaan,2,0,0,0,0
2020-07-03,Jumat,21,Netral,2,bertanya-tanya,Membaca | Seni | Berdoa | Membaca Quran | Jalan Kaki | Meditasi | Dota 2 | Podcast | Buku Audio | Menulis | Menonton Serial | Berita Terkini | Makan Enak | Reddit | Bercukur | Merapikan Rambut | Streaming | YouTube | Membersihkan Rumah | Surel | Mendengarkan Lagu | Cinta,22,0,1,1,0
2020-10-16,Jumat,21,Netral,2,lemah,Belajar | Seni | Berdoa | Berpuasa | Jalan Kaki | Meditasi | Mandi | Dota 2 | Buku Audio | Menulis | Menonton Serial | Berita Terkini | Makan Enak | Reddit | Belajar Bahasa | Streaming | YouTube | Memasak | Membersihkan Rumah | Penelitian | Hal Baru | Tidur Siang Singkat | Mendengarkan Lagu | Dokumenter | Sahabat Pena | Coding | Tutorial,27,0,1,1,0
2018-02-09,Jumat,18,Netral,2,biasa saja,Berdoa | Streaming | YouTube | Traveling | Penelitian | Hal Baru,6,0,0,0,0
2018-06-27,Rabu,19,Netral,2,bingung,Mandi | Streaming | YouTube,3,0,0,0,0
2020-08-02,Minggu,21,Netral,2,biasa saja,Membaca | Berdoa | Berpuasa | Membaca Quran | Jalan Kaki | Meditasi | Mandi | Dota 2 | Podcast | Buku Audio | Menulis | Menonton Serial | Berita Terkini | Makan Enak | Reddit | Belajar Bahasa | Streaming | YouTube | Membersihkan Rumah | Penelitian | Keluarga | Tidur Siang Singkat | Dokumenter,23,1,1,1,0
2018-04-23,Senin,10,Netral,2,bingung,Tidur Siang Singkat,1,0,0,0,0
2020-08-31,Senin,22,Netral,2,biasa saja,Berpuasa | Jalan Kaki | Meditasi | Mandi | Buku Audio | Menulis | Menonton Serial | Berita Terkini | Makan Enak | Reddit | Belajar Bahasa | Streaming | YouTube | Traveling | Keluarga | Mendengarkan Lagu | Sahabat Pena | Coding | Tutorial | Rekaman,20,0,1,1,0
2020-10-05,Senin,21,Netral,2,biasa saja,Berpuasa | Jalan Kaki | Mandi | Buku Audio | Menonton Serial | Berita Terkini | Makan Enak | Reddit | Belajar Bahasa | Streaming | YouTube | Memasak | Membersihkan Rumah | Penelitian | Hal Baru | Tidur Siang Singkat | Surel | Mendengarkan Lagu | Desain | Dokumenter | Sahabat Pena | Coding | Tutorial,23,0,0,1,0
2021-01-13,Rabu,22,Netral,2,lemah,Membaca | Berdoa | Meditasi | Mandi | Buku Audio | Menulis | Menonton Serial | Makan Enak | Reddit | Belajar Bahasa | Streaming | YouTube | Memasak | Penelitian | Hal Baru | Tidur Siang Singkat | Perbaikan | Dokumenter | Sahabat Pena | Coding | Tutorial,21,0,1,0,0
2020-02-24,Senin,21,Netral,2,lemah,Berdoa | Jalan Kaki | Meditasi | Mandi | Menonton Serial | Berita Terkini | Makan Enak | Reddit | Streaming | YouTube | Mendengarkan Lagu,11,0,1,1,0
2020-08-02,Minggu,21,Netral,2,biasa saja,Membaca | Berdoa | Berpuasa | Membaca Quran | Jalan Kaki | Meditasi | Mandi | Dota 2 | Podcast | Buku Audio | Menulis | Menonton Serial | Berita Terkini | Makan Enak | Reddit | Belajar Bahasa | Streaming | YouTube | Membersihkan Rumah | Penelitian | Keluarga | Tidur Siang Singkat | Dokumenter,23,1,1,1,0
2018-06-14,Kamis,15,Netral,2,bertanya-tanya,Berdoa | Berpuasa | Mandi | Dota 2 | YouTube | Tidur Siang Singkat,6,0,0,0,0
2020-10-11,Minggu,23,Netral,2,bingung,Belajar | Berpuasa | Jalan Kaki | Meditasi | Menonton Serial | Berita Terkini | Makan Enak | Reddit | Belajar Bahasa | Streaming | YouTube | Memasak | Membersihkan Rumah | Penelitian | Hal Baru | Tidur Siang Singkat | Sahabat Pena | Coding | Tutorial,19,1,1,1,0
2018-05-24,Kamis,14,Netral,2,bingung,Surel | Pekerjaan,2,0,0,0,0
2020-06-26,Jumat,21,Netral,2,bertanya-tanya,Membaca | Belajar | Seni | Menulis Jurnal | Berdoa | Berpuasa | Membaca Quran | Jalan Kaki | Meditasi | Mandi | Buku Audio | Menulis | Menonton Serial | Berita Terkini | Makan Enak | Reddit | Streaming | YouTube | Penelitian | Keluarga | Tidur Siang Singkat | Mendengarkan Lagu | Sahabat Pena | Pesta | Cinta | Rekaman | Edit Video,27,0,1,1,0
2021-04-13,Selasa,2,Netral,2,bertanya-tanya,Membaca | Belajar | Seni | Berdoa | Berpuasa | Jalan Kaki | Meditasi | Buku Audio | Menulis | Menonton Serial | Berita Terkini | Makan Enak | Reddit | Belajar Bahasa | Bercukur | Streaming | YouTube | Memasak | Penelitian | Hal Baru | Tidur Siang Singkat | Dokumenter | Sahabat Pena | Coding | Tutorial,25,0,1,1,0
2019-11-22,Jumat,21,Netral,2,bertanya-tanya,Berdoa | Berpuasa | Jalan Kaki | Meditasi | Mandi | Buku Audio | Menonton Serial | Berita Terkini | Reddit | YouTube | Diet Keto | Catatan Berat Badan,12,0,1,1,0
2020-04-07,Selasa,19,Netral,2,bingung,Seni | Menulis Jurnal | Berdoa | Jalan Kaki | Meditasi | Mandi | Podcast | Buku Audio | Menulis | Menonton Serial | Berita Terkini | Makan Enak | Reddit | Streaming | YouTube | Membersihkan Rumah | Keluarga | Tidur Siang Singkat | Mendengarkan Lagu | Sahabat Pena,20,0,1,1,0
2018-06-27,Rabu,19,Netral,2,bingung,Mandi | Streaming | YouTube,3,0,0,0,0
2021-01-13,Rabu,22,Netral,2,lemah,Membaca | Berdoa | Meditasi | Mandi | Buku Audio | Menulis | Menonton Serial | Makan Enak | Reddit | Belajar Bahasa | Streaming | YouTube | Memasak | Penelitian | Hal Baru | Tidur Siang Singkat | Perbaikan | Dokumenter | Sahabat Pena | Coding | Tutorial,21,0,1,0,0
2020-06-08,Senin,23,Netral,2,lemah,Jalan Kaki | Menonton Serial | Makan Enak | Reddit | Belajar Bahasa | Streaming | YouTube | Keluarga | Mendengarkan Lagu | Sahabat Pena,10,0,0,1,0
2018-03-01,Kamis,14,Netral,2,biasa saja,Mandi | Makan Enak | Streaming | YouTube | Catatan Berat Badan,5,0,0,0,0
2018-06-27,Rabu,19,Netral,2,bingung,Mandi | Streaming | YouTube,3,0,0,0,0
2018-05-08,Selasa,20,Netral,2,bingung,Berdoa,1,0,0,0,0
2020-10-26,Senin,21,Netral,2,lemah,Belajar | Berdoa | Berpuasa | Jalan Kaki | Meditasi | Mandi | Buku Audio | Menulis | Menonton Serial | Berita Terkini | Makan Enak | Reddit | Belajar Bahasa | Streaming | YouTube | Memasak | Penelitian | Hal Baru | Tidur Siang Singkat | Dokumenter | Coding | Tutorial,22,0,1,1,0
2018-06-13,Rabu,14,Netral,2,bingung,Surel | Pekerjaan,2,0,0,0,0
2018-03-17,Sabtu,14,Netral,2,bingung,Streaming | YouTube,2,1,0,0,0
2020-09-19,Sabtu,21,Netral,2,bertanya-tanya,Belajar | Berdoa | Berpuasa | Membaca Quran | Jalan Kaki | Meditasi | Mandi | Menonton Serial | Berita Terkini | Makan Enak | Reddit | Belajar Bahasa | Streaming | YouTube | Memasak | Membersihkan Rumah | Penelitian | Hal Baru | Mendengarkan Lagu | Dokumenter | Sahabat Pena | Coding | Tutorial,23,1,1,1,0
2020-07-25,Sabtu,14,Netral,2,lemah,Belajar | Seni | Berdoa | Berpuasa | Membaca Quran | Jalan Kaki | Meditasi | Mandi | Dota 2 | Podcast | Buku Audio | Menulis | Berita Terkini | Makan Enak | Reddit | Belajar Bahasa | Streaming | YouTube | Membersihkan Rumah | Penelitian | Tidur Siang Singkat | Mendengarkan Lagu | Desain | Tutorial,24,1,1,1,0
2020-06-05,Jumat,21,Netral,2,bingung,Seni | Berpuasa | Makan Enak | Reddit | Belajar Bahasa | Streaming | YouTube | Tidur Siang Singkat | Mendengarkan Lagu | Desain | Sahabat Pena,11,0,0,0,0
2018-04-27,Jumat,19,Netral,2,bertanya-tanya,Dota 2,1,0,0,0,0
2020-10-04,Minggu,21,Netral,2,bertanya-tanya,Belajar | Seni | Buku Audio | Menonton Serial | Berita Terkini | Makan Enak | Reddit | Belajar Bahasa | Poetry | Streaming | YouTube | Memasak | Membersihkan Rumah | Penelitian | Hal Baru | Tidur Siang Singkat | Mendengarkan Lagu | Dokumenter | Sahabat Pena | Coding | Tutorial | Cinta,22,1,0,0,0
2020-08-10,Senin,21,Netral,2,bertanya-tanya,Membaca | Seni | Berdoa | Berpuasa | Membaca Quran | Jalan Kaki | Meditasi | Mandi | Dota 2 | Buku Audio | Menulis | Menonton Serial | Berita Terkini | Makan Enak | Reddit | Belajar Bahasa | Bercukur | Merapikan Rambut | Streaming | YouTube | Membersihkan Rumah | Tidur Siang Singkat | Mendengarkan Lagu | Dokumenter | Cinta,25,0,1,1,0
2020-07-07,Selasa,21,Netral,2,lemah,Membaca | Berdoa | Berpuasa | Membaca Quran | Jalan Kaki | Meditasi | Dota 2 | Podcast | Buku Audio | Menulis | Menonton Serial | Berita Terkini | Makan Enak | Reddit | Belajar Bahasa | Streaming | YouTube | Keluarga | Mendengarkan Lagu | Cinta,20,0,1,1,0
2018-07-01,Minggu,19,Netral,2,bingung,Membaca | Meditasi | Mandi | Dota 2 | Buku Audio | Menonton Serial | Streaming | YouTube | Menonton Film | Surel | Mendengarkan Lagu | Pekerjaan | Catatan Berat Badan,13,1,1,0,0
2020-08-26,Rabu,20,Netral,2,biasa saja,Seni | Meditasi | Mandi | Podcast | Buku Audio | Menulis | Berita Terkini | Makan Enak | Reddit | Belajar Bahasa | Poetry | Streaming | YouTube | Penelitian | Keluarga | Dokumenter | Coding | Rekaman,18,0,1,0,0
2020-04-19,Minggu,21,Netral,2,bingung,Berdoa | Jalan Kaki | Meditasi | Mandi | Dota 2 | Menonton Serial | Berita Terkini | Makan Enak | Reddit | Streaming | YouTube | Tidur Siang Singkat | Mendengarkan Lagu | Sahabat Pena,14,1,1,1,0
2020-10-04,Minggu,21,Netral,2,bertanya-tanya,Belajar | Seni | Buku Audio | Menonton Serial | Berita Terkini | Makan Enak | Reddit | Belajar Bahasa | Poetry | Streaming | YouTube | Memasak | Membersihkan Rumah | Penelitian | Hal Baru | Tidur Siang Singkat | Mendengarkan Lagu | Dokumenter | Sahabat Pena | Coding | Tutorial | Cinta,22,1,0,0,0
2019-11-18,Senin,22,Netral,2,biasa saja,Berdoa | Berpuasa | Jalan Kaki | Meditasi | Mandi | Buku Audio | Menulis | Berita Terkini | Makan Enak | Reddit | Streaming | YouTube | Tidur Siang Singkat | Mendengarkan Lagu | Diet Keto | Catatan Berat Badan,16,0,1,1,0
2019-11-08,Jumat,18,Netral,2,bertanya-tanya,Berdoa | Berpuasa | Jalan Kaki | Meditasi | Podcast | Buku Audio | Menonton Serial | Berita Terkini | Reddit | Streaming | YouTube | Kabbalah | Diet Keto | Catatan Berat Badan,14,0,1,1,0
2019-05-01,Rabu,20,Netral,2,bingung,Jalan Kaki | Podcast | Buku Audio | Berita Terkini | Makan Enak | Reddit | Streaming | YouTube | Surel | Desain | Catatan Berat Badan,11,0,0,1,0
2021-04-14,Rabu,2,Netral,2,bingung,Membaca | Belajar | Berdoa | Berpuasa | Membaca Quran | Jalan Kaki | Meditasi | Mandi | Podcast | Buku Audio | Menulis | Menonton Serial | Makan Enak | Reddit | Belajar Bahasa | Streaming | YouTube | Memasak | Penelitian | Hal Baru | Desain | Perbaikan | Dokumenter | Sahabat Pena | Coding | Tutorial,26,0,1,1,0
2021-03-08,Senin,13,Netral,2,biasa saja,Belajar | Berdoa | Berpuasa | Jalan Kaki | Meditasi | Mandi | Buku Audio | Menulis | Menonton Serial | Makan Enak | Reddit | Belajar Bahasa | Streaming | YouTube | Memasak | Membersihkan Rumah | Penelitian | Tidur Siang Singkat | Dokumenter | Sahabat Pena | Coding | Tutorial,22,0,1,1,0
2020-07-24,Jumat,21,Netral,2,bertanya-tanya,Belajar | Seni | Menulis Jurnal | Berdoa | Berpuasa | Membaca Quran | Jalan Kaki | Meditasi | Mandi | Dota 2 | Podcast | Buku Audio | Menulis | Menonton Serial | Berita Terkini | Makan Enak | Reddit | Belajar Bahasa | Streaming | YouTube | Membersihkan Rumah | Penelitian | Tidur Siang Singkat | Desain,24,0,1,1,0
2019-09-17,Selasa,13,Netral,2,bingung,Seni | Berpuasa | Meditasi | Berita Terkini | Reddit | Desain,6,0,1,0,0
2018-04-22,Minggu,14,Netral,2,biasa saja,Makan Enak | Streaming | YouTube | Penelitian | Surel | Pekerjaan,6,1,0,0,0
2018-04-27,Jumat,19,Netral,2,bertanya-tanya,Dota 2,1,0,0,0,0
2019-04-27,Sabtu,13,Netral,2,bertanya-tanya,Berpuasa | Podcast | Berita Terkini | Reddit | Streaming | YouTube | Sahabat Pena | Catatan Berat Badan,8,1,0,0,0
2020-08-02,Minggu,21,Netral,2,biasa saja,Membaca | Berdoa | Berpuasa | Membaca Quran | Jalan Kaki | Meditasi | Mandi | Dota 2 | Podcast | Buku Audio | Menulis | Menonton Serial | Berita Terkini | Makan Enak | Reddit | Belajar Bahasa | Streaming | YouTube | Membersihkan Rumah | Penelitian | Keluarga | Tidur Siang Singkat | Dokumenter,23,1,1,1,0
2020-06-28,Minggu,21,Netral,2,bingung,Menulis Jurnal | Berdoa | Membaca Quran | Jalan Kaki | Meditasi | Mandi | Dota 2 | Buku Audio | Menulis | Menonton Serial | Berita Terkini | Makan Enak | Reddit | Belajar Bahasa | Streaming | YouTube | Mendengarkan Lagu | Cinta,18,1,1,1,0
2018-02-15,Kamis,16,Netral,2,biasa saja,YouTube | Tidur Siang Singkat,2,0,0,0,0
2021-01-29,Jumat,21,Netral,2,bertanya-tanya,Membaca | Belajar | Berpuasa | Meditasi | Mandi | Menulis | Menonton Serial | Reddit | Belajar Bahasa | Streaming | YouTube | Menonton Film | Memasak | Membersihkan Rumah | Penelitian | Hal Baru | Tidur Siang Singkat | Dokumenter | Sahabat Pena | Pesta | Coding | Tutorial,22,0,1,0,0
2020-05-03,Minggu,21,Netral,2,bingung,Berdoa | Berpuasa | Membaca Quran | Jalan Kaki | Meditasi | Buku Audio | Menonton Serial | Berita Terkini | Makan Enak | Reddit | Streaming | YouTube | Tidur Siang Singkat | Mendengarkan Lagu,14,1,1,1,0
2020-05-03,Minggu,21,Netral,2,bingung,Berdoa | Berpuasa | Membaca Quran | Jalan Kaki | Meditasi | Buku Audio | Menonton Serial | Berita Terkini | Makan Enak | Reddit | Streaming | YouTube | Tidur Siang Singkat | Mendengarkan Lagu,14,1,1,1,0
2018-02-09,Jumat,11,Netral,2,biasa saja,Dota 2 | Streaming | YouTube,3,0,0,0,0
2018-02-21,Rabu,14,Netral,2,bertanya-tanya,YouTube | Tidur Siang Singkat,2,0,0,0,0
2020-04-19,Minggu,21,Netral,2,bingung,Berdoa | Jalan Kaki | Meditasi | Mandi | Dota 2 | Menonton Serial | Berita Terkini | Makan Enak | Reddit | Streaming | YouTube | Tidur Siang Singkat | Mendengarkan Lagu | Sahabat Pena,14,1,1,1,0
2018-05-05,Sabtu,14,Netral,2,bingung,Dota 2 | Menonton Serial | Streaming | YouTube,4,1,0,0,0
2019-09-20,Jumat,14,Netral,2,bingung,Berdoa | Berpuasa | Mandi | Buku Audio | Berita Terkini | Reddit | Catatan Berat Badan,7,0,0,0,0
2018-02-04,Minggu,11,Netral,2,biasa saja,Meditasi | YouTube | Penelitian,3,1,1,0,0
2018-11-25,Minggu,18,Netral,2,bingung,Meditasi | Dota 2 | Podcast | Buku Audio | Menonton Serial | Berita Terkini | Makan Enak | YouTube | Bermain Game | Surel | Sahabat Pena | Catatan Berat Badan,12,1,1,0,0
2018-05-03,Kamis,14,Netral,2,bingung,Menonton Serial | Makan Enak | YouTube | Surel,4,0,0,0,0
2020-06-11,Kamis,22,Netral,2,lemah,Jalan Kaki | Meditasi | Mandi | Buku Audio | Menulis | Berita Terkini | Makan Enak | Reddit | Belajar Bahasa | Streaming | YouTube | Tidur Siang Singkat | Mendengarkan Lagu,13,0,1,1,0
2018-11-09,Jumat,13,Netral,2,bertanya-tanya,Membaca | Meditasi | Mandi | Berita Terkini | Penelitian,5,0,1,0,0
2020-07-13,Senin,23,Netral,2,bingung,Seni | Berdoa | Membaca Quran | Jalan Kaki | Mandi | Dota 2 | Buku Audio | Menulis | Menonton Serial | Berita Terkini | Makan Enak | Reddit | Belajar Bahasa | Streaming | YouTube | Cinta,16,0,0,1,0
2020-06-23,Selasa,21,Netral,2,bertanya-tanya,Membaca | Belajar | Seni | Menulis Jurnal | Berdoa | Membaca Quran | Jalan Kaki | Meditasi | Mandi | Podcast | Buku Audio | Menulis | Menonton Serial | Berita Terkini | Makan Enak | Reddit | Streaming | YouTube | Penelitian | Surel | Mendengarkan Lagu | Dokumenter | Sahabat Pena | Tutorial | Cinta | Rekaman,26,0,1,1,0
2019-05-05,Minggu,12,Netral,2,bertanya-tanya,Berita Terkini | Bermain Game | Mendengarkan Lagu,3,1,0,0,0
2020-07-25,Sabtu,14,Netral,2,lemah,Belajar | Seni | Berdoa | Berpuasa | Membaca Quran | Jalan Kaki | Meditasi | Mandi | Dota 2 | Podcast | Buku Audio | Menulis | Berita Terkini | Makan Enak | Reddit | Belajar Bahasa | Streaming | YouTube | Membersihkan Rumah | Penelitian | Tidur Siang Singkat | Mendengarkan Lagu | Desain | Tutorial,24,1,1,1,0
2018-03-17,Sabtu,14,Netral,2,bingung,Streaming | YouTube,2,1,0,0,0
2018-02-09,Jumat,18,Netral,2,biasa saja,Berdoa | Streaming | YouTube | Traveling | Penelitian | Hal Baru,6,0,0,0,0
2021-04-13,Selasa,2,Netral,2,bertanya-tanya,Membaca | Belajar | Seni | Berdoa | Berpuasa | Jalan Kaki | Meditasi | Buku Audio | Menulis | Menonton Serial | Berita Terkini | Makan Enak | Reddit | Belajar Bahasa | Bercukur | Streaming | YouTube | Memasak | Penelitian | Hal Baru | Tidur Siang Singkat | Dokumenter | Sahabat Pena | Coding | Tutorial,25,0,1,1,0
2020-10-02,Jumat,21,Netral,2,lemah,Belajar | Seni | Berdoa | Berpuasa | Membaca Quran | Jalan Kaki | Mandi | Buku Audio | Menulis | Menonton Serial | Berita Terkini | Makan Enak | Reddit | Belajar Bahasa | Streaming | YouTube | Memasak | Membersihkan Rumah | Penelitian | Hal Baru | Tidur Siang Singkat | Perbaikan | Sahabat Pena | Coding | Tutorial,25,0,0,1,0
2020-08-27,Kamis,21,Netral,2,biasa saja,Seni | Berdoa | Olahraga | Membaca Quran | Jalan Kaki | Meditasi | Mandi | Buku Audio | Menulis | Menonton Serial | Berita Terkini | Makan Enak | Reddit | Belajar Bahasa | Bercukur | Poetry | Streaming | YouTube | Memasak | Membersihkan Rumah | Hal Baru | Tidur Siang Singkat | Mendengarkan Lagu | Dokumenter | Sahabat Pena | Coding | Rekaman,27,0,1,1,0
2021-03-05,Jumat,21,Netral,2,bertanya-tanya,Berdoa | Jalan Kaki | Meditasi | Mandi | Buku Audio | Makan Enak | Reddit | Streaming | YouTube | Memasak | Tidur Siang Singkat | Surel | Dokumenter | Coding,14,0,1,1,0
2018-02-21,Rabu,14,Netral,2,bertanya-tanya,YouTube | Tidur Siang Singkat,2,0,0,0,0
2019-09-17,Selasa,13,Netral,2,bingung,Seni | Berpuasa | Meditasi | Berita Terkini | Reddit | Desain,6,0,1,0,0
2020-08-17,Senin,19,Netral,2,bingung,Berdoa | Berpuasa | Membaca Quran | Jalan Kaki | Meditasi | Mandi | Buku Audio | Menonton Serial | Berita Terkini | Makan Enak | Reddit | Belajar Bahasa | Streaming | YouTube | Tidur Siang Singkat | Dokumenter | Cinta,17,0,1,1,0
2020-10-08,Kamis,20,Netral,2,lemah,Seni | Berpuasa | Jalan Kaki | Mandi | Buku Audio | Menulis | Menonton Serial | Berita Terkini | Makan Enak | Reddit | Belajar Bahasa | Streaming | YouTube | Membersihkan Rumah | Penelitian | Hal Baru | Tidur Siang Singkat | Dokumenter | Sahabat Pena | Coding | Tutorial,21,0,0,1,0
2019-05-01,Rabu,20,Netral,2,bingung,Jalan Kaki | Podcast | Buku Audio | Berita Terkini | Makan Enak | Reddit | Streaming | YouTube | Surel | Desain | Catatan Berat Badan,11,0,0,1,0
2018-04-22,Minggu,14,Netral,2,biasa saja,Makan Enak | Streaming | YouTube | Penelitian | Surel | Pekerjaan,6,1,0,0,0
2018-05-01,Selasa,19,Netral,2,bingung,Menonton Serial | Makan Enak | Streaming | YouTube | Penelitian,5,0,0,0,0
2018-09-11,Selasa,11,Netral,2,bertanya-tanya,Dota 2 | Podcast | Buku Audio | Berita Terkini | YouTube | Sahabat Pena,6,0,0,0,0
2021-01-05,Selasa,17,Netral,2,lemah,Membaca | Belajar | Seni | Berpuasa | Jalan Kaki | Mandi | Buku Audio | Menulis | Makan Enak | Reddit | Belajar Bahasa | Streaming | YouTube | Menonton Film | Memasak | Membersihkan Rumah | Penelitian | Hal Baru | Tidur Siang Singkat | Mendengarkan Lagu | Dokumenter | Sahabat Pena | Coding | Tutorial,24,0,0,1,0
2018-02-20,Selasa,19,Netral,2,lemah,Jalan Kaki | Dota 2 | Buku Audio | Menonton Serial | Streaming | YouTube,6,0,0,1,0
2021-01-31,Minggu,21,Netral,2,lemah,Membaca | Belajar | Berpuasa | Buku Audio | Menulis | Menonton Serial | Belajar Bahasa | Yoga | Bercukur | Poetry | Streaming | YouTube | Menonton Film | Memasak | Membersihkan Rumah | Penelitian | Hal Baru | Tidur Siang Singkat | Dokumenter | Sahabat Pena | Coding | Tutorial,22,1,0,1,0
2020-07-25,Sabtu,14,Netral,2,lemah,Belajar | Seni | Berdoa | Berpuasa | Membaca Quran | Jalan Kaki | Meditasi | Mandi | Dota 2 | Podcast | Buku Audio | Menulis | Berita Terkini | Makan Enak | Reddit | Belajar Bahasa | Streaming | YouTube | Membersihkan Rumah | Penelitian | Tidur Siang Singkat | Mendengarkan Lagu | Desain | Tutorial,24,1,1,1,0
2020-10-23,Jumat,22,Netral,2,lemah,Membaca | Belajar | Seni | Berdoa | Berpuasa | Jalan Kaki | Meditasi | Mandi | Buku Audio | Menulis | Menonton Serial | Berita Terkini | Makan Enak | Reddit | Belajar Bahasa | Poetry | Streaming | YouTube | Memasak | Meditasi Holotropik | Membersihkan Rumah | Penelitian | Tidur Siang Singkat | Mendengarkan Lagu | Dokumenter | Sahabat Pena | Coding | Tutorial,28,0,1,1,0
2018-03-17,Sabtu,14,Netral,2,bingung,Streaming | YouTube,2,1,0,0,0
2018-12-13,Kamis,18,Netral,2,bingung,Dota 2 | Berita Terkini | Makan Enak,3,0,0,0,0
2020-08-17,Senin,19,Netral,2,bingung,Berdoa | Berpuasa | Membaca Quran | Jalan Kaki | Meditasi | Mandi | Buku Audio | Menonton Serial | Berita Terkini | Makan Enak | Reddit | Belajar Bahasa | Streaming | YouTube | Tidur Siang Singkat | Dokumenter | Cinta,17,0,1,1,0
2020-09-28,Senin,21,Netral,2,bingung,Belajar | Seni | Berdoa | Membaca Quran | Jalan Kaki | Meditasi | Mandi | Dota 2 | Buku Audio | Menonton Serial | Berita Terkini | Makan Enak | Reddit | Belajar Bahasa | Streaming | YouTube | Memasak | Meditasi Holotropik | Membersihkan Rumah | Penelitian | Hal Baru | Tidur Siang Singkat | Mendengarkan Lagu | Desain | Dokumenter | Sahabat Pena | Coding | Tutorial,28,0,1,1,0
2019-04-27,Sabtu,13,Netral,2,bertanya-tanya,Berpuasa | Podcast | Berita Terkini | Reddit | Streaming | YouTube | Sahabat Pena | Catatan Berat Badan,8,1,0,0,0
2021-01-05,Selasa,17,Netral,2,lemah,Membaca | Belajar | Seni | Berpuasa | Jalan Kaki | Mandi | Buku Audio | Menulis | Makan Enak | Reddit | Belajar Bahasa | Streaming | YouTube | Menonton Film | Memasak | Membersihkan Rumah | Penelitian | Hal Baru | Tidur Siang Singkat | Mendengarkan Lagu | Dokumenter | Sahabat Pena | Coding | Tutorial,24,0,0,1,0
2018-10-24,Rabu,10,Netral,2,bertanya-tanya,Meditasi | Berita Terkini | Hal Baru | Sahabat Pena | Catatan Berat Badan,5,0,1,0,0
2020-05-21,Kamis,20,Netral,2,biasa saja,Membaca | Belajar | Seni | Menulis Jurnal | Berdoa | Berpuasa | Membaca Quran | Meditasi | Mandi | Buku Audio | Menulis | Berita Terkini | Makan Enak | Reddit | Belajar Bahasa | Streaming | YouTube | Penelitian | Hal Baru | Tidur Siang Singkat | Mendengarkan Lagu | Sahabat Pena | Catatan Berat Badan,23,0,1,0,0
2018-12-13,Kamis,18,Netral,2,bingung,Dota 2 | Berita Terkini | Makan Enak,3,0,0,0,0
2018-05-01,Selasa,19,Netral,2,bingung,Menonton Serial | Makan Enak | Streaming | YouTube | Penelitian,5,0,0,0,0
2020-01-22,Rabu,21,Netral,2,bertanya-tanya,Jalan Kaki | Meditasi | Dota 2 | Buku Audio | Menonton Serial | Berita Terkini | Makan Enak | Reddit | Streaming | YouTube | Tidur Siang Singkat,11,0,1,1,0
2018-09-25,Selasa,14,Netral,2,bertanya-tanya,Mandi | Buku Audio | Berita Terkini | Makan Enak | YouTube,5,0,0,0,0
2018-02-13,Selasa,9,Netral,2,bingung,Jalan Kaki | Meditasi | Traveling | Surel,4,0,1,1,0
2019-05-05,Minggu,12,Netral,2,bertanya-tanya,Berita Terkini | Bermain Game | Mendengarkan Lagu,3,1,0,0,0
2018-10-22,Senin,11,Netral,2,bingung,Meditasi | Tidur Siang Singkat | Mendengarkan Lagu,3,0,1,0,0
2020-07-25,Sabtu,14,Netral,2,lemah,Belajar | Seni | Berdoa | Berpuasa | Membaca Quran | Jalan Kaki | Meditasi | Mandi | Dota 2 | Podcast | Buku Audio | Menulis | Berita Terkini | Makan Enak | Reddit | Belajar Bahasa | Streaming | YouTube | Membersihkan Rumah | Penelitian | Tidur Siang Singkat | Mendengarkan Lagu | Desain | Tutorial,24,1,1,1,0
2020-10-05,Senin,21,Netral,2,biasa saja,Berpuasa | Jalan Kaki | Mandi | Buku Audio | Menonton Serial | Berita Terkini | Makan Enak | Reddit | Belajar Bahasa | Streaming | YouTube | Memasak | Membersihkan Rumah | Penelitian | Hal Baru | Tidur Siang Singkat | Surel | Mendengarkan Lagu | Desain | Dokumenter | Sahabat Pena | Coding | Tutorial,23,0,0,1,0
2020-08-30,Minggu,18,Netral,2,biasa saja,Berdoa | Berpuasa | Membaca Quran | Jalan Kaki | Meditasi | Buku Audio | Menulis | Menonton Serial | Berita Terkini | Makan Enak | Reddit | Belajar Bahasa | Streaming | YouTube | Keluarga | Tidur Siang Singkat | Sahabat Pena | Coding | Cinta | Rekaman,20,1,1,1,0
2018-09-25,Selasa,14,Netral,2,bertanya-tanya,Mandi | Buku Audio | Berita Terkini | Makan Enak | YouTube,5,0,0,0,0
2020-08-31,Senin,22,Netral,2,biasa saja,Berpuasa | Jalan Kaki | Meditasi | Mandi | Buku Audio | Menulis | Menonton Serial | Berita Terkini | Makan Enak | Reddit | Belajar Bahasa | Streaming | YouTube | Traveling | Keluarga | Mendengarkan Lagu | Sahabat Pena | Coding | Tutorial | Rekaman,20,0,1,1,0
2018-03-27,Selasa,14,Netral,2,bertanya-tanya,Dota 2 | Streaming | YouTube | Penelitian | Surel,5,0,0,0,0
2020-12-02,Rabu,2,Netral,2,bertanya-tanya,Membaca | Belajar | Seni | Berdoa | Berpuasa | Jalan Kaki | Meditasi | Mandi | Buku Audio | Menulis | Menonton Serial | Berita Terkini | Makan Enak | Reddit | Belajar Bahasa | Streaming | YouTube | Memasak | Membersihkan Rumah | Penelitian | Hal Baru | Tidur Siang Singkat | Dokumenter | Sahabat Pena | Coding | Tutorial | Cinta,27,0,1,1,0
2018-07-01,Minggu,19,Netral,2,bingung,Membaca | Meditasi | Mandi | Dota 2 | Buku Audio | Menonton Serial | Streaming | YouTube | Menonton Film | Surel | Mendengarkan Lagu | Pekerjaan | Catatan Berat Badan,13,1,1,0,0
2020-08-12,Rabu,20,Netral,2,lemah,Seni | Berdoa | Berpuasa | Membaca Quran | Jalan Kaki | Meditasi | Mandi | Podcast | Buku Audio | Menulis | Menonton Serial | Berita Terkini | Makan Enak | Reddit | Belajar Bahasa | Streaming | YouTube | Penelitian | Hal Baru | Tidur Siang Singkat | Mendengarkan Lagu | Dokumenter | Tutorial | Cinta,24,0,1,1,0
2018-05-05,Sabtu,14,Netral,2,bingung,Dota 2 | Menonton Serial | Streaming | YouTube,4,1,0,0,0
2020-08-11,Selasa,21,Netral,2,bertanya-tanya,Membaca | Seni | Berdoa | Berpuasa | Membaca Quran | Jalan Kaki | Meditasi | Mandi | Podcast | Buku Audio | Menulis | Menonton Serial | Berita Terkini | Makan Enak | Reddit | Belajar Bahasa | Poetry | Streaming | YouTube | Membersihkan Rumah | Tidur Siang Singkat | Mendengarkan Lagu | Desain | Dokumenter | Cinta,25,0,1,1,0
2018-09-11,Selasa,11,Netral,2,bertanya-tanya,Dota 2 | Podcast | Buku Audio | Berita Terkini | YouTube | Sahabat Pena,6,0,0,0,0
2020-09-19,Sabtu,21,Netral,2,bertanya-tanya,Belajar | Berdoa | Berpuasa | Membaca Quran | Jalan Kaki | Meditasi | Mandi | Menonton Serial | Berita Terkini | Makan Enak | Reddit | Belajar Bahasa | Streaming | YouTube | Memasak | Membersihkan Rumah | Penelitian | Hal Baru | Mendengarkan Lagu | Dokumenter | Sahabat Pena | Coding | Tutorial,23,1,1,1,0
2020-08-12,Rabu,20,Netral,2,lemah,Seni | Berdoa | Berpuasa | Membaca Quran | Jalan Kaki | Meditasi | Mandi | Podcast | Buku Audio | Menulis | Menonton Serial | Berita Terkini | Makan Enak | Reddit | Belajar Bahasa | Streaming | YouTube | Penelitian | Hal Baru | Tidur Siang Singkat | Mendengarkan Lagu | Dokumenter | Tutorial | Cinta,24,0,1,1,0
2020-08-10,Senin,21,Netral,2,bertanya-tanya,Membaca | Seni | Berdoa | Berpuasa | Membaca Quran | Jalan Kaki | Meditasi | Mandi | Dota 2 | Buku Audio | Menulis | Menonton Serial | Berita Terkini | Makan Enak | Reddit | Belajar Bahasa | Bercukur | Merapikan Rambut | Streaming | YouTube | Membersihkan Rumah | Tidur Siang Singkat | Mendengarkan Lagu | Dokumenter | Cinta,25,0,1,1,0
2020-08-14,Jumat,19,Netral,2,biasa saja,Berdoa | Berpuasa | Membaca Quran | Jalan Kaki | Meditasi | Mandi | Dota 2 | Podcast | Menonton Serial | Berita Terkini | Makan Enak | Reddit | Belajar Bahasa | Bercukur | Merapikan Rambut | Streaming | YouTube | Traveling | Keluarga,19,0,1,1,0
2020-05-21,Kamis,20,Netral,2,biasa saja,Membaca | Belajar | Seni | Menulis Jurnal | Berdoa | Berpuasa | Membaca Quran | Meditasi | Mandi | Buku Audio | Menulis | Berita Terkini | Makan Enak | Reddit | Belajar Bahasa | Streaming | YouTube | Penelitian | Hal Baru | Tidur Siang Singkat | Mendengarkan Lagu | Sahabat Pena | Catatan Berat Badan,23,0,1,0,0
2020-06-29,Senin,21,Netral,2,bertanya-tanya,Seni | Jalan Kaki | Buku Audio | Berita Terkini | Makan Enak | Reddit | Streaming | YouTube | Mendengarkan Lagu | Cinta,10,0,0,1,0
2019-09-20,Jumat,14,Netral,2,bingung,Berdoa | Berpuasa | Mandi | Buku Audio | Berita Terkini | Reddit | Catatan Berat Badan,7,0,0,0,0
2018-11-25,Minggu,18,Netral,2,bingung,Meditasi | Dota 2 | Podcast | Buku Audio | Menonton Serial | Berita Terkini | Makan Enak | YouTube | Bermain Game | Surel | Sahabat Pena | Catatan Berat Badan,12,1,1,0,0
2020-09-22,Selasa,21,Netral,2,lemah,Belajar | Seni | Berdoa | Berpuasa | Membaca Quran | Jalan Kaki | Buku Audio | Menulis | Menonton Serial | Berita Terkini | Makan Enak | Reddit | Belajar Bahasa | Streaming | YouTube | Memasak | Membersihkan Rumah | Penelitian | Hal Baru | Tidur Siang Singkat | Mendengarkan Lagu | Sahabat Pena | Coding | Tutorial,24,0,0,1,0
2020-09-30,Rabu,21,Netral,2,bertanya-tanya,Seni | Berpuasa | Jalan Kaki | Podcast | Buku Audio | Menonton Serial | Berita Terkini | Makan Enak | Reddit | Belajar Bahasa | Streaming | YouTube | Membersihkan Rumah | Penelitian | Tidur Siang Singkat | Dokumenter | Sahabat Pena | Coding | Tutorial,19,0,0,1,0
2020-08-11,Selasa,21,Netral,2,bertanya-tanya,Membaca | Seni | Berdoa | Berpuasa | Membaca Quran | Jalan Kaki | Meditasi | Mandi | Podcast | Buku Audio | Menulis | Menonton Serial | Berita Terkini | Makan Enak | Reddit | Belajar Bahasa | Poetry | Streaming | YouTube | Membersihkan Rumah | Tidur Siang Singkat | Mendengarkan Lagu | Desain | Dokumenter | Cinta,25,0,1,1,0
2018-02-06,Selasa,14,Netral,2,biasa saja,Berpuasa | Dota 2 | Menonton Serial | Makan Enak | Catatan Berat Badan,5,0,0,0,0
2018-03-27,Selasa,14,Netral,2,bertanya-tanya,Dota 2 | Streaming | YouTube | Penelitian | Surel,5,0,0,0,0
2018-07-01,Minggu,19,Netral,2,bingung,Membaca | Meditasi | Mandi | Dota 2 | Buku Audio | Menonton Serial | Streaming | YouTube | Menonton Film | Surel | Mendengarkan Lagu | Pekerjaan | Catatan Berat Badan,13,1,1,0,0
2019-04-27,Sabtu,13,Netral,2,bertanya-tanya,Berpuasa | Podcast | Berita Terkini | Reddit | Streaming | YouTube | Sahabat Pena | Catatan Berat Badan,8,1,0,0,0
2019-09-17,Selasa,13,Netral,2,bingung,Seni | Berpuasa | Meditasi | Berita Terkini | Reddit | Desain,6,0,1,0,0
2020-10-16,Jumat,21,Netral,2,lemah,Belajar | Seni | Berdoa | Berpuasa | Jalan Kaki | Meditasi | Mandi | Dota 2 | Buku Audio | Menulis | Menonton Serial | Berita Terkini | Makan Enak | Reddit | Belajar Bahasa | Streaming | YouTube | Memasak | Membersihkan Rumah | Penelitian | Hal Baru | Tidur Siang Singkat | Mendengarkan Lagu | Dokumenter | Sahabat Pena | Coding | Tutorial,27,0,1,1,0
2019-11-18,Senin,22,Netral,2,biasa saja,Berdoa | Berpuasa | Jalan Kaki | Meditasi | Mandi | Buku Audio | Menulis | Berita Terkini | Makan Enak | Reddit | Streaming | YouTube | Tidur Siang Singkat | Mendengarkan Lagu | Diet Keto | Catatan Berat Badan,16,0,1,1,0
2020-12-26,Sabtu,21,Netral,2,bertanya-tanya,Membaca | Belajar | Jalan Kaki | Buku Audio | Menulis | Menonton Serial | Makan Enak | Reddit | Streaming | YouTube | Memasak | Membersihkan Rumah | Penelitian | Tidur Siang Singkat | Desain | Perbaikan | Sahabat Pena | Coding | Tutorial,19,1,0,1,0
2018-09-12,Rabu,10,Netral,2,bingung,Berita Terkini | Surel | Sahabat Pena,3,0,0,0,0
2018-05-01,Selasa,19,Netral,2,bingung,Menonton Serial | Makan Enak | Streaming | YouTube | Penelitian,5,0,0,0,0
2020-06-11,Kamis,22,Netral,2,lemah,Jalan Kaki | Meditasi | Mandi | Buku Audio | Menulis | Berita Terkini | Makan Enak | Reddit | Belajar Bahasa | Streaming | YouTube | Tidur Siang Singkat | Mendengarkan Lagu,13,0,1,1,0
2018-04-07,Sabtu,13,Netral,2,lemah,Dota 2 | Makan Enak | Streaming | Traveling,4,1,0,0,0
2021-03-08,Senin,13,Netral,2,biasa saja,Belajar | Berdoa | Berpuasa | Jalan Kaki | Meditasi | Mandi | Buku Audio | Menulis | Menonton Serial | Makan Enak | Reddit | Belajar Bahasa | Streaming | YouTube | Memasak | Membersihkan Rumah | Penelitian | Tidur Siang Singkat | Dokumenter | Sahabat Pena | Coding | Tutorial,22,0,1,1,0
2018-09-10,Senin,14,Netral,2,bingung,Berita Terkini | Makan Enak | YouTube,3,0,0,0,0
2018-09-10,Senin,11,Netral,2,bertanya-tanya,Menonton Serial | Berita Terkini | Makan Enak | YouTube | Sahabat Pena,5,0,0,0,0
2018-10-25,Kamis,10,Netral,2,bertanya-tanya,Berita Terkini | Sahabat Pena,2,0,0,0,0
2018-09-11,Selasa,11,Netral,2,bertanya-tanya,Dota 2 | Podcast | Buku Audio | Berita Terkini | YouTube | Sahabat Pena,6,0,0,0,0
2018-12-25,Selasa,11,Netral,2,bertanya-tanya,Membaca | Meditasi | Mandi | Podcast | Berita Terkini | Makan Enak | Streaming | YouTube | Bermain Game | Sahabat Pena | Catatan Berat Badan,11,0,1,0,0
2018-02-03,Sabtu,15,Netral,2,biasa saja,Jalan Kaki | Meditasi | Dota 2 | Buku Audio | Streaming | Traveling | Penelitian | Hal Baru,8,1,1,1,0
2020-08-02,Minggu,21,Netral,2,biasa saja,Membaca | Berdoa | Berpuasa | Membaca Quran | Jalan Kaki | Meditasi | Mandi | Dota 2 | Podcast | Buku Audio | Menulis | Menonton Serial | Berita Terkini | Makan Enak | Reddit | Belajar Bahasa | Streaming | YouTube | Membersihkan Rumah | Penelitian | Keluarga | Tidur Siang Singkat | Dokumenter,23,1,1,1,0
2020-07-07,Selasa,21,Netral,2,lemah,Membaca | Berdoa | Berpuasa | Membaca Quran | Jalan Kaki | Meditasi | Dota 2 | Podcast | Buku Audio | Menulis | Menonton Serial | Berita Terkini | Makan Enak | Reddit | Belajar Bahasa | Streaming | YouTube | Keluarga | Mendengarkan Lagu | Cinta,20,0,1,1,0
2020-02-24,Senin,21,Netral,2,lemah,Berdoa | Jalan Kaki | Meditasi | Mandi | Menonton Serial | Berita Terkini | Makan Enak | Reddit | Streaming | YouTube | Mendengarkan Lagu,11,0,1,1,0
2021-03-25,Kamis,0,Netral,2,bertanya-tanya,Membaca | Belajar | Seni | Berdoa | Berpuasa | Jalan Kaki | Meditasi | Mandi | Podcast | Buku Audio | Menulis | Menonton Serial | Makan Enak | Reddit | Belajar Bahasa | Bercukur | Streaming | YouTube | Memasak | Membersihkan Rumah | Penelitian | Hal Baru | Tidur Siang Singkat | Mendengarkan Lagu | Dokumenter | Sahabat Pena | Coding | Tutorial,28,0,1,1,0
2020-08-24,Senin,22,Netral,2,biasa saja,Seni | Menulis Jurnal | Berdoa | Berpuasa | Membaca Quran | Jalan Kaki | Meditasi | Mandi | Dota 2 | Buku Audio | Menulis | Menonton Serial | Berita Terkini | Makan Enak | Reddit | Belajar Bahasa | Streaming | YouTube | Menonton Film | Membersihkan Rumah | Hal Baru | Dokumenter | Coding | Rekaman | Edit Video,25,0,1,1,0
2019-09-17,Selasa,13,Netral,2,bingung,Seni | Berpuasa | Meditasi | Berita Terkini | Reddit | Desain,6,0,1,0,0
2020-06-20,Sabtu,21,Netral,2,lemah,Membaca | Berdoa | Berpuasa | Membaca Quran | Jalan Kaki | Meditasi | Buku Audio | Berita Terkini | Makan Enak | Reddit | Streaming | YouTube | Keluarga | Tidur Siang Singkat | Mendengarkan Lagu | Desain | Dokumenter | Cinta,18,1,1,1,0
2019-03-01,Jumat,12,Netral,2,bingung,Berdoa | Berita Terkini | Makan Enak | Reddit | Streaming | YouTube | Sahabat Pena,7,0,0,0,0
2020-08-15,Sabtu,19,Netral,2,bingung,Belajar | Berdoa | Membaca Quran | Jalan Kaki | Meditasi | Podcast | Buku Audio | Menonton Serial | Berita Terkini | Reddit | Belajar Bahasa | Streaming | YouTube | Menonton Film | Mendengarkan Lagu | Dokumenter,16,1,1,1,0
2020-06-29,Senin,21,Netral,2,bertanya-tanya,Seni | Jalan Kaki | Buku Audio | Berita Terkini | Makan Enak | Reddit | Streaming | YouTube | Mendengarkan Lagu | Cinta,10,0,0,1,0
2019-04-27,Sabtu,13,Netral,2,bertanya-tanya,Berpuasa | Podcast | Berita Terkini | Reddit | Streaming | YouTube | Sahabat Pena | Catatan Berat Badan,8,1,0,0,0
2020-07-13,Senin,23,Netral,2,bingung,Seni | Berdoa | Membaca Quran | Jalan Kaki | Mandi | Dota 2 | Buku Audio | Menulis | Menonton Serial | Berita Terkini | Makan Enak | Reddit | Belajar Bahasa | Streaming | YouTube | Cinta,16,0,0,1,0
2020-10-26,Senin,21,Netral,2,lemah,Belajar | Berdoa | Berpuasa | Jalan Kaki | Meditasi | Mandi | Buku Audio | Menulis | Menonton Serial | Berita Terkini | Makan Enak | Reddit | Belajar Bahasa | Streaming | YouTube | Memasak | Penelitian | Hal Baru | Tidur Siang Singkat | Dokumenter | Coding | Tutorial,22,0,1,1,0
2020-10-04,Minggu,21,Netral,2,bertanya-tanya,Belajar | Seni | Buku Audio | Menonton Serial | Berita Terkini | Makan Enak | Reddit | Belajar Bahasa | Poetry | Streaming | YouTube | Memasak | Membersihkan Rumah | Penelitian | Hal Baru | Tidur Siang Singkat | Mendengarkan Lagu | Dokumenter | Sahabat Pena | Coding | Tutorial | Cinta,22,1,0,0,0
2019-05-01,Rabu,20,Netral,2,bingung,Jalan Kaki | Podcast | Buku Audio | Berita Terkini | Makan Enak | Reddit | Streaming | YouTube | Surel | Desain | Catatan Berat Badan,11,0,0,1,0
2021-04-13,Selasa,2,Netral,2,bertanya-tanya,Membaca | Belajar | Seni | Berdoa | Berpuasa | Jalan Kaki | Meditasi | Buku Audio | Menulis | Menonton Serial | Berita Terkini | Makan Enak | Reddit | Belajar Bahasa | Bercukur | Streaming | YouTube | Memasak | Penelitian | Hal Baru | Tidur Siang Singkat | Dokumenter | Sahabat Pena | Coding | Tutorial,25,0,1,1,0
2018-09-16,Minggu,10,Netral,2,bertanya-tanya,Berita Terkini | Sahabat Pena,2,1,0,0,0
2020-11-29,Minggu,10,Netral,2,bertanya-tanya,Membaca | Berpuasa | Mandi | Podcast | Buku Audio | Menulis | Menonton Serial | Berita Terkini | Makan Enak | Reddit | Belajar Bahasa | Streaming | YouTube | Menonton Film | Memasak | Penelitian | Hal Baru | Tidur Siang Singkat | Mendengarkan Lagu | Dokumenter | Sahabat Pena | Coding | Tutorial,23,1,0,0,0
2019-01-09,Rabu,14,Netral,2,bertanya-tanya,Dota 2 | Podcast | Menonton Serial | Berita Terkini | Makan Enak | Reddit | Streaming | YouTube,8,0,0,0,0
2020-07-19,Minggu,21,Netral,2,bingung,Belajar | Seni | Berdoa | Berpuasa | Membaca Quran | Jalan Kaki | Meditasi | Mandi | Dota 2 | Podcast | Buku Audio | Menulis | Menonton Serial | Berita Terkini | Makan Enak | Reddit | Belajar Bahasa | Streaming | YouTube | Membersihkan Rumah | Tidur Siang Singkat | Mendengarkan Lagu | Desain | Cinta,24,1,1,1,0
2021-04-11,Minggu,0,Netral,2,bertanya-tanya,Membaca | Belajar | Berdoa | Berpuasa | Jalan Kaki | Meditasi | Mandi | Buku Audio | Menulis | Makan Enak | Reddit | Belajar Bahasa | Streaming | YouTube | Memasak | Membersihkan Rumah | Penelitian | Hal Baru | Tidur Siang Singkat | Dokumenter | Sahabat Pena | Coding | Tutorial,23,1,1,1,0
2018-06-14,Kamis,15,Netral,2,bertanya-tanya,Berdoa | Berpuasa | Mandi | Dota 2 | YouTube | Tidur Siang Singkat,6,0,0,0,0
2020-10-07,Rabu,21,Netral,2,bingung,Belajar | Seni | Berdoa | Berpuasa | Membaca Quran | Jalan Kaki | Mandi | Buku Audio | Menonton Serial | Berita Terkini | Makan Enak | Reddit | Belajar Bahasa | Streaming | YouTube | Memasak | Traveling | Membersihkan Rumah | Penelitian | Hal Baru | Tidur Siang Singkat | Dokumenter | Sahabat Pena | Coding | Tutorial,25,0,0,1,0
2021-03-25,Kamis,0,Netral,2,bertanya-tanya,Membaca | Belajar | Seni | Berdoa | Berpuasa | Jalan Kaki | Meditasi | Mandi | Podcast | Buku Audio | Menulis | Menonton Serial | Makan Enak | Reddit | Belajar Bahasa | Bercukur | Streaming | YouTube | Memasak | Membersihkan Rumah | Penelitian | Hal Baru | Tidur Siang Singkat | Mendengarkan Lagu | Dokumenter | Sahabat Pena | Coding | Tutorial,28,0,1,1,0
2020-08-17,Senin,19,Netral,2,bingung,Berdoa | Berpuasa | Membaca Quran | Jalan Kaki | Meditasi | Mandi | Buku Audio | Menonton Serial | Berita Terkini | Makan Enak | Reddit | Belajar Bahasa | Streaming | YouTube | Tidur Siang Singkat | Dokumenter | Cinta,17,0,1,1,0
2020-07-20,Senin,21,Netral,2,bertanya-tanya,Membaca | Belajar | Seni | Menulis Jurnal | Berdoa | Membaca Quran | Jalan Kaki | Meditasi | Mandi | Dota 2 | Podcast | Buku Audio | Menulis | Menonton Serial | Berita Terkini | Makan Enak | Reddit | Belajar Bahasa | Streaming | YouTube | Membersihkan Rumah | Penelitian | Hal Baru | Tidur Siang Singkat | Mendengarkan Lagu | Desain | Dokumenter | Tutorial | Cinta,29,0,1,1,0
2021-03-05,Jumat,21,Netral,2,bertanya-tanya,Berdoa | Jalan Kaki | Meditasi | Mandi | Buku Audio | Makan Enak | Reddit | Streaming | YouTube | Memasak | Tidur Siang Singkat | Surel | Dokumenter | Coding,14,0,1,1,0
2020-12-02,Rabu,2,Netral,2,bertanya-tanya,Membaca | Belajar | Seni | Berdoa | Berpuasa | Jalan Kaki | Meditasi | Mandi | Buku Audio | Menulis | Menonton Serial | Berita Terkini | Makan Enak | Reddit | Belajar Bahasa | Streaming | YouTube | Memasak | Membersihkan Rumah | Penelitian | Hal Baru | Tidur Siang Singkat | Dokumenter | Sahabat Pena | Coding | Tutorial | Cinta,27,0,1,1,0
2020-05-03,Minggu,21,Netral,2,bingung,Berdoa | Berpuasa | Membaca Quran | Jalan Kaki | Meditasi | Buku Audio | Menonton Serial | Berita Terkini | Makan Enak | Reddit | Streaming | YouTube | Tidur Siang Singkat | Mendengarkan Lagu,14,1,1,1,0
2021-01-29,Jumat,21,Netral,2,bertanya-tanya,Membaca | Belajar | Berpuasa | Meditasi | Mandi | Menulis | Menonton Serial | Reddit | Belajar Bahasa | Streaming | YouTube | Menonton Film | Memasak | Membersihkan Rumah | Penelitian | Hal Baru | Tidur Siang Singkat | Dokumenter | Sahabat Pena | Pesta | Coding | Tutorial,22,0,1,0,0
2020-10-11,Minggu,23,Netral,2,bingung,Belajar | Berpuasa | Jalan Kaki | Meditasi | Menonton Serial | Berita Terkini | Makan Enak | Reddit | Belajar Bahasa | Streaming | YouTube | Memasak | Membersihkan Rumah | Penelitian | Hal Baru | Tidur Siang Singkat | Sahabat Pena | Coding | Tutorial,19,1,1,1,0
2018-05-03,Kamis,14,Netral,2,bingung,Menonton Serial | Makan Enak | YouTube | Surel,4,0,0,0,0
2020-07-13,Senin,23,Netral,2,bingung,Seni | Berdoa | Membaca Quran | Jalan Kaki | Mandi | Dota 2 | Buku Audio | Menulis | Menonton Serial | Berita Terkini | Makan Enak | Reddit | Belajar Bahasa | Streaming | YouTube | Cinta,16,0,0,1,0
2020-10-11,Minggu,23,Netral,2,bingung,Belajar | Berpuasa | Jalan Kaki | Meditasi | Menonton Serial | Berita Terkini | Makan Enak | Reddit | Belajar Bahasa | Streaming | YouTube | Memasak | Membersihkan Rumah | Penelitian | Hal Baru | Tidur Siang Singkat | Sahabat Pena | Coding | Tutorial,19,1,1,1,0
2020-02-07,Jumat,21,Netral,2,bingung,Berdoa | Berpuasa | Jalan Kaki | Meditasi | Mandi | Dota 2 | Podcast | Buku Audio | Menonton Serial | Berita Terkini | Makan Enak | Reddit | Streaming | YouTube | Teman | Sahabat Pena | Diet Keto,17,0,1,1,0
2018-06-27,Rabu,19,Netral,2,bingung,Mandi | Streaming | YouTube,3,0,0,0,0
2018-02-16,Jumat,6,Netral,2,bingung,Berdoa | Mandi | Dota 2 | Makan Enak | YouTube | Keluarga,6,0,0,0,0
2021-03-08,Senin,13,Netral,2,biasa saja,Belajar | Berdoa | Berpuasa | Jalan Kaki | Meditasi | Mandi | Buku Audio | Menulis | Menonton Serial | Makan Enak | Reddit | Belajar Bahasa | Streaming | YouTube | Memasak | Membersihkan Rumah | Penelitian | Tidur Siang Singkat | Dokumenter | Sahabat Pena | Coding | Tutorial,22,0,1,1,0
2019-09-19,Kamis,14,Netral,2,bingung,Berpuasa | Meditasi | Berita Terkini | Reddit | YouTube | Penelitian,6,0,1,0,0
2019-04-27,Sabtu,13,Netral,2,bertanya-tanya,Berpuasa | Podcast | Berita Terkini | Reddit | Streaming | YouTube | Sahabat Pena | Catatan Berat Badan,8,1,0,0,0
2020-12-02,Rabu,2,Netral,2,bertanya-tanya,Membaca | Belajar | Seni | Berdoa | Berpuasa | Jalan Kaki | Meditasi | Mandi | Buku Audio | Menulis | Menonton Serial | Berita Terkini | Makan Enak | Reddit | Belajar Bahasa | Streaming | YouTube | Memasak | Membersihkan Rumah | Penelitian | Hal Baru | Tidur Siang Singkat | Dokumenter | Sahabat Pena | Coding | Tutorial | Cinta,27,0,1,1,0
2018-05-01,Selasa,19,Netral,2,bingung,Menonton Serial | Makan Enak | Streaming | YouTube | Penelitian,5,0,0,0,0
2021-02-18,Kamis,20,Netral,2,lemah,Belajar | Seni | Berdoa | Berpuasa | Meditasi | Mandi | Buku Audio | Menulis | Menonton Serial | Berita Terkini | Makan Enak | Reddit | Belajar Bahasa | Streaming | YouTube | Memasak | Membersihkan Rumah | Penelitian | Hal Baru | Tidur Siang Singkat | Dokumenter | Sahabat Pena | Coding | Tutorial,24,0,1,0,0
2020-03-20,Jumat,21,Netral,2,bingung,Jalan Kaki | Meditasi | Dota 2 | Buku Audio | Menonton Serial | Berita Terkini | Makan Enak | Reddit | Streaming | YouTube,10,0,1,1,0
2020-10-20,Selasa,22,Netral,2,bertanya-tanya,Belajar | Berpuasa | Jalan Kaki | Mandi | Buku Audio | Menonton Serial | Berita Terkini | Makan Enak | Reddit | Belajar Bahasa | Yoga | Bercukur | Merapikan Rambut | Poetry | Streaming | YouTube | Memasak | Membersihkan Rumah | Penelitian | Hal Baru | Keluarga | Tidur Siang Singkat | Surel | Dokumenter | Sahabat Pena | Coding | Tutorial,27,0,0,1,0
2020-08-15,Sabtu,19,Netral,2,bingung,Belajar | Berdoa | Membaca Quran | Jalan Kaki | Meditasi | Podcast | Buku Audio | Menonton Serial | Berita Terkini | Reddit | Belajar Bahasa | Streaming | YouTube | Menonton Film | Mendengarkan Lagu | Dokumenter,16,1,1,1,0
2020-04-07,Selasa,19,Netral,2,bingung,Seni | Menulis Jurnal | Berdoa | Jalan Kaki | Meditasi | Mandi | Podcast | Buku Audio | Menulis | Menonton Serial | Berita Terkini | Makan Enak | Reddit | Streaming | YouTube | Membersihkan Rumah | Keluarga | Tidur Siang Singkat | Mendengarkan Lagu | Sahabat Pena,20,0,1,1,0
2020-06-26,Jumat,21,Netral,2,bertanya-tanya,Membaca | Belajar | Seni | Menulis Jurnal | Berdoa | Berpuasa | Membaca Quran | Jalan Kaki | Meditasi | Mandi | Buku Audio | Menulis | Menonton Serial | Berita Terkini | Makan Enak | Reddit | Streaming | YouTube | Penelitian | Keluarga | Tidur Siang Singkat | Mendengarkan Lagu | Sahabat Pena | Pesta | Cinta | Rekaman | Edit Video,27,0,1,1,0
2018-02-05,Senin,19,Netral,2,biasa saja,Berdoa | Menonton Serial,2,0,0,0,0
2018-02-20,Selasa,10,Netral,2,bingung,Berdoa | Menonton Serial | YouTube | Tidur Siang Singkat,4,0,0,0,0
2020-10-11,Minggu,23,Netral,2,bingung,Belajar | Berpuasa | Jalan Kaki | Meditasi | Menonton Serial | Berita Terkini | Makan Enak | Reddit | Belajar Bahasa | Streaming | YouTube | Memasak | Membersihkan Rumah | Penelitian | Hal Baru | Tidur Siang Singkat | Sahabat Pena | Coding | Tutorial,19,1,1,1,0
2018-11-25,Minggu,18,Netral,2,bingung,Meditasi | Dota 2 | Podcast | Buku Audio | Menonton Serial | Berita Terkini | Makan Enak | YouTube | Bermain Game | Surel | Sahabat Pena | Catatan Berat Badan,12,1,1,0,0
2018-04-23,Senin,10,Netral,2,bingung,Tidur Siang Singkat,1,0,0,0,0
2021-03-05,Jumat,21,Netral,2,bertanya-tanya,Berdoa | Jalan Kaki | Meditasi | Mandi | Buku Audio | Makan Enak | Reddit | Streaming | YouTube | Memasak | Tidur Siang Singkat | Surel | Dokumenter | Coding,14,0,1,1,0
2020-10-02,Jumat,21,Netral,2,lemah,Belajar | Seni | Berdoa | Berpuasa | Membaca Quran | Jalan Kaki | Mandi | Buku Audio | Menulis | Menonton Serial | Berita Terkini | Makan Enak | Reddit | Belajar Bahasa | Streaming | YouTube | Memasak | Membersihkan Rumah | Penelitian | Hal Baru | Tidur Siang Singkat | Perbaikan | Sahabat Pena | Coding | Tutorial,25,0,0,1,0
2018-02-05,Senin,19,Netral,2,biasa saja,Berdoa | Menonton Serial,2,0,0,0,0
2018-03-01,Kamis,12,Netral,2,biasa saja,Dota 2 | Makan Enak | Streaming | YouTube | Tidur Siang Singkat,5,0,0,0,0
2019-04-27,Sabtu,13,Netral,2,bertanya-tanya,Berpuasa | Podcast | Berita Terkini | Reddit | Streaming | YouTube | Sahabat Pena | Catatan Berat Badan,8,1,0,0,0
2018-11-05,Senin,10,Netral,2,bertanya-tanya,Membaca | Meditasi | Buku Audio | Berita Terkini | YouTube | Hal Baru | Sahabat Pena | Catatan Berat Badan,8,0,1,0,0
2021-04-11,Minggu,0,Netral,2,bertanya-tanya,Membaca | Belajar | Berdoa | Berpuasa | Jalan Kaki | Meditasi | Mandi | Buku Audio | Menulis | Makan Enak | Reddit | Belajar Bahasa | Streaming | YouTube | Memasak | Membersihkan Rumah | Penelitian | Hal Baru | Tidur Siang Singkat | Dokumenter | Sahabat Pena | Coding | Tutorial,23,1,1,1,0
2021-02-18,Kamis,20,Netral,2,lemah,Belajar | Seni | Berdoa | Berpuasa | Meditasi | Mandi | Buku Audio | Menulis | Menonton Serial | Berita Terkini | Makan Enak | Reddit | Belajar Bahasa | Streaming | YouTube | Memasak | Membersihkan Rumah | Penelitian | Hal Baru | Tidur Siang Singkat | Dokumenter | Sahabat Pena | Coding | Tutorial,24,0,1,0,0
2019-11-18,Senin,22,Netral,2,biasa saja,Berdoa | Berpuasa | Jalan Kaki | Meditasi | Mandi | Buku Audio | Menulis | Berita Terkini | Makan Enak | Reddit | Streaming | YouTube | Tidur Siang Singkat | Mendengarkan Lagu | Diet Keto | Catatan Berat Badan,16,0,1,1,0
2018-11-25,Minggu,18,Netral,2,bingung,Meditasi | Dota 2 | Podcast | Buku Audio | Menonton Serial | Berita Terkini | Makan Enak | YouTube | Bermain Game | Surel | Sahabat Pena | Catatan Berat Badan,12,1,1,0,0
2020-08-14,Jumat,19,Netral,2,biasa saja,Berdoa | Berpuasa | Membaca Quran | Jalan Kaki | Meditasi | Mandi | Dota 2 | Podcast | Menonton Serial | Berita Terkini | Makan Enak | Reddit | Belajar Bahasa | Bercukur | Merapikan Rambut | Streaming | YouTube | Traveling | Keluarga,19,0,1,1,0
2018-06-13,Rabu,14,Netral,2,bingung,Surel | Pekerjaan,2,0,0,0,0
2020-01-22,Rabu,21,Netral,2,bertanya-tanya,Jalan Kaki | Meditasi | Dota 2 | Buku Audio | Menonton Serial | Berita Terkini | Makan Enak | Reddit | Streaming | YouTube | Tidur Siang Singkat,11,0,1,1,0
2020-02-07,Jumat,21,Netral,2,bingung,Berdoa | Berpuasa | Jalan Kaki | Meditasi | Mandi | Dota 2 | Podcast | Buku Audio | Menonton Serial | Berita Terkini | Makan Enak | Reddit | Streaming | YouTube | Teman | Sahabat Pena | Diet Keto,17,0,1,1,0
2021-01-29,Jumat,21,Netral,2,bertanya-tanya,Membaca | Belajar | Berpuasa | Meditasi | Mandi | Menulis | Menonton Serial | Reddit | Belajar Bahasa | Streaming | YouTube | Menonton Film | Memasak | Membersihkan Rumah | Penelitian | Hal Baru | Tidur Siang Singkat | Dokumenter | Sahabat Pena | Pesta | Coding | Tutorial,22,0,1,0,0
2018-02-16,Jumat,6,Netral,2,bingung,Berdoa | Mandi | Dota 2 | Makan Enak | YouTube | Keluarga,6,0,0,0,0
2020-04-07,Selasa,19,Netral,2,bingung,Seni | Menulis Jurnal | Berdoa | Jalan Kaki | Meditasi | Mandi | Podcast | Buku Audio | Menulis | Menonton Serial | Berita Terkini | Makan Enak | Reddit | Streaming | YouTube | Membersihkan Rumah | Keluarga | Tidur Siang Singkat | Mendengarkan Lagu | Sahabat Pena,20,0,1,1,0
2019-09-17,Selasa,13,Netral,2,bingung,Seni | Berpuasa | Meditasi | Berita Terkini | Reddit | Desain,6,0,1,0,0
2020-11-29,Minggu,10,Netral,2,bertanya-tanya,Membaca | Berpuasa | Mandi | Podcast | Buku Audio | Menulis | Menonton Serial | Berita Terkini | Makan Enak | Reddit | Belajar Bahasa | Streaming | YouTube | Menonton Film | Memasak | Penelitian | Hal Baru | Tidur Siang Singkat | Mendengarkan Lagu | Dokumenter | Sahabat Pena | Coding | Tutorial,23,1,0,0,0
2020-08-24,Senin,22,Netral,2,biasa saja,Seni | Menulis Jurnal | Berdoa | Berpuasa | Membaca Quran | Jalan Kaki | Meditasi | Mandi | Dota 2 | Buku Audio | Menulis | Menonton Serial | Berita Terkini | Makan Enak | Reddit | Belajar Bahasa | Streaming | YouTube | Menonton Film | Membersihkan Rumah | Hal Baru | Dokumenter | Coding | Rekaman | Edit Video,25,0,1,1,0
2021-04-13,Selasa,2,Netral,2,bertanya-tanya,Membaca | Belajar | Seni | Berdoa | Berpuasa | Jalan Kaki | Meditasi | Buku Audio | Menulis | Menonton Serial | Berita Terkini | Makan Enak | Reddit | Belajar Bahasa | Bercukur | Streaming | YouTube | Memasak | Penelitian | Hal Baru | Tidur Siang Singkat | Dokumenter | Sahabat Pena | Coding | Tutorial,25,0,1,1,0
2019-01-05,Sabtu,10,Netral,2,bingung,Berita Terkini,1,1,0,0,0
2019-09-20,Jumat,14,Netral,2,bingung,Berdoa | Berpuasa | Mandi | Buku Audio | Berita Terkini | Reddit | Catatan Berat Badan,7,0,0,0,0
2021-03-16,Selasa,21,Netral,2,lemah,Membaca | Belajar | Seni | Berdoa | Jalan Kaki | Meditasi | Mandi | Menulis | Menonton Serial | Berita Terkini | Makan Enak | Reddit | Belajar Bahasa | Bercukur | Streaming | YouTube | Memasak | Penelitian | Hal Baru | Tidur Siang Singkat | Dokumenter | Sahabat Pena | Coding | Tutorial,24,0,1,1,0
2019-11-18,Senin,22,Netral,2,biasa saja,Berdoa | Berpuasa | Jalan Kaki | Meditasi | Mandi | Buku Audio | Menulis | Berita Terkini | Makan Enak | Reddit | Streaming | YouTube | Tidur Siang Singkat | Mendengarkan Lagu | Diet Keto | Catatan Berat Badan,16,0,1,1,0
2018-11-25,Minggu,18,Netral,2,bingung,Meditasi | Dota 2 | Podcast | Buku Audio | Menonton Serial | Berita Terkini | Makan Enak | YouTube | Bermain Game | Surel | Sahabat Pena | Catatan Berat Badan,12,1,1,0,0
2018-11-16,Jumat,12,Netral,2,bertanya-tanya,Meditasi | Podcast | Buku Audio | Berita Terkini | Makan Enak | Streaming | Bermain Game,7,0,1,0,0
2020-10-26,Senin,21,Netral,2,lemah,Belajar | Berdoa | Berpuasa | Jalan Kaki | Meditasi | Mandi | Buku Audio | Menulis | Menonton Serial | Berita Terkini | Makan Enak | Reddit | Belajar Bahasa | Streaming | YouTube | Memasak | Penelitian | Hal Baru | Tidur Siang Singkat | Dokumenter | Coding | Tutorial,22,0,1,1,0
2020-10-11,Minggu,23,Netral,2,bingung,Belajar | Berpuasa | Jalan Kaki | Meditasi | Menonton Serial | Berita Terkini | Makan Enak | Reddit | Belajar Bahasa | Streaming | YouTube | Memasak | Membersihkan Rumah | Penelitian | Hal Baru | Tidur Siang Singkat | Sahabat Pena | Coding | Tutorial,19,1,1,1,0
2020-08-27,Kamis,21,Netral,2,biasa saja,Seni | Berdoa | Olahraga | Membaca Quran | Jalan Kaki | Meditasi | Mandi | Buku Audio | Menulis | Menonton Serial | Berita Terkini | Makan Enak | Reddit | Belajar Bahasa | Bercukur | Poetry | Streaming | YouTube | Memasak | Membersihkan Rumah | Hal Baru | Tidur Siang Singkat | Mendengarkan Lagu | Dokumenter | Sahabat Pena | Coding | Rekaman,27,0,1,1,0
2020-09-14,Senin,22,Netral,2,lemah,Seni | Berdoa | Berpuasa | Membaca Quran | Jalan Kaki | Meditasi | Mandi | Buku Audio | Menulis | Menonton Serial | Makan Enak | Reddit | Belajar Bahasa | Streaming | YouTube | Memasak | Penelitian | Hal Baru | Sahabat Pena | Coding | Tutorial | Rekaman,22,0,1,1,0
2020-09-19,Sabtu,21,Netral,2,bertanya-tanya,Belajar | Berdoa | Berpuasa | Membaca Quran | Jalan Kaki | Meditasi | Mandi | Menonton Serial | Berita Terkini | Makan Enak | Reddit | Belajar Bahasa | Streaming | YouTube | Memasak | Membersihkan Rumah | Penelitian | Hal Baru | Mendengarkan Lagu | Dokumenter | Sahabat Pena | Coding | Tutorial,23,1,1,1,0
2020-08-17,Senin,19,Netral,2,bingung,Berdoa | Berpuasa | Membaca Quran | Jalan Kaki | Meditasi | Mandi | Buku Audio | Menonton Serial | Berita Terkini | Makan Enak | Reddit | Belajar Bahasa | Streaming | YouTube | Tidur Siang Singkat | Dokumenter | Cinta,17,0,1,1,0
2020-06-28,Minggu,21,Netral,2,bingung,Menulis Jurnal | Berdoa | Membaca Quran | Jalan Kaki | Meditasi | Mandi | Dota 2 | Buku Audio | Menulis | Menonton Serial | Berita Terkini | Makan Enak | Reddit | Belajar Bahasa | Streaming | YouTube | Mendengarkan Lagu | Cinta,18,1,1,1,0
2019-11-22,Jumat,21,Netral,2,bertanya-tanya,Berdoa | Berpuasa | Jalan Kaki | Meditasi | Mandi | Buku Audio | Menonton Serial | Berita Terkini | Reddit | YouTube | Diet Keto | Catatan Berat Badan,12,0,1,1,0
2021-02-20,Sabtu,20,Netral,2,bertanya-tanya,Membaca | Berdoa | Berpuasa | Jalan Kaki | Meditasi | Mandi | Buku Audio | Menulis | Menonton Serial | Makan Enak | Reddit | Belajar Bahasa | Streaming | YouTube | Memasak | Penelitian | Hal Baru | Tidur Siang Singkat | Desain | Dokumenter | Sahabat Pena | Coding | Tutorial,23,1,1,1,0
2020-08-12,Rabu,20,Netral,2,lemah,Seni | Berdoa | Berpuasa | Membaca Quran | Jalan Kaki | Meditasi | Mandi | Podcast | Buku Audio | Menulis | Menonton Serial | Berita Terkini | Makan Enak | Reddit | Belajar Bahasa | Streaming | YouTube | Penelitian | Hal Baru | Tidur Siang Singkat | Mendengarkan Lagu | Dokumenter | Tutorial | Cinta,24,0,1,1,0
2021-01-29,Jumat,21,Netral,2,bertanya-tanya,Membaca | Belajar | Berpuasa | Meditasi | Mandi | Menulis | Menonton Serial | Reddit | Belajar Bahasa | Streaming | YouTube | Menonton Film | Memasak | Membersihkan Rumah | Penelitian | Hal Baru | Tidur Siang Singkat | Dokumenter | Sahabat Pena | Pesta | Coding | Tutorial,22,0,1,0,0
2020-09-28,Senin,21,Netral,2,bingung,Belajar | Seni | Berdoa | Membaca Quran | Jalan Kaki | Meditasi | Mandi | Dota 2 | Buku Audio | Menonton Serial | Berita Terkini | Makan Enak | Reddit | Belajar Bahasa | Streaming | YouTube | Memasak | Meditasi Holotropik | Membersihkan Rumah | Penelitian | Hal Baru | Tidur Siang Singkat | Mendengarkan Lagu | Desain | Dokumenter | Sahabat Pena | Coding | Tutorial,28,0,1,1,0
2018-03-10,Sabtu,10,Netral,2,biasa saja,Membersihkan Rumah | Tidur Siang Singkat,2,1,0,0,0
2018-02-16,Jumat,6,Netral,2,bingung,Berdoa | Mandi | Dota 2 | Makan Enak | YouTube | Keluarga,6,0,0,0,0
2020-09-22,Selasa,21,Netral,2,lemah,Belajar | Seni | Berdoa | Berpuasa | Membaca Quran | Jalan Kaki | Buku Audio | Menulis | Menonton Serial | Berita Terkini | Makan Enak | Reddit | Belajar Bahasa | Streaming | YouTube | Memasak | Membersihkan Rumah | Penelitian | Hal Baru | Tidur Siang Singkat | Mendengarkan Lagu | Sahabat Pena | Coding | Tutorial,24,0,0,1,0
2020-01-22,Rabu,21,Netral,2,bertanya-tanya,Jalan Kaki | Meditasi | Dota 2 | Buku Audio | Menonton Serial | Berita Terkini | Makan Enak | Reddit | Streaming | YouTube | Tidur Siang Singkat,11,0,1,1,0
2018-05-24,Kamis,14,Netral,2,bingung,Surel | Pekerjaan,2,0,0,0,0
2018-09-11,Selasa,11,Netral,2,bertanya-tanya,Dota 2 | Podcast | Buku Audio | Berita Terkini | YouTube | Sahabat Pena,6,0,0,0,0
2018-11-05,Senin,10,Netral,2,bertanya-tanya,Membaca | Meditasi | Buku Audio | Berita Terkini | YouTube | Hal Baru | Sahabat Pena | Catatan Berat Badan,8,0,1,0,0
2020-08-10,Senin,21,Netral,2,bertanya-tanya,Membaca | Seni | Berdoa | Berpuasa | Membaca Quran | Jalan Kaki | Meditasi | Mandi | Dota 2 | Buku Audio | Menulis | Menonton Serial | Berita Terkini | Makan Enak | Reddit | Belajar Bahasa | Bercukur | Merapikan Rambut | Streaming | YouTube | Membersihkan Rumah | Tidur Siang Singkat | Mendengarkan Lagu | Dokumenter | Cinta,25,0,1,1,0
2020-06-22,Senin,10,Netral,2,bingung,Membaca | Belajar | Seni | Menulis Jurnal | Berdoa | Berpuasa | Membaca Quran | Jalan Kaki | Meditasi | Mandi | Buku Audio | Menulis | Menonton Serial | Berita Terkini | Makan Enak | Reddit | Yoga | Streaming | YouTube | Penelitian | Keluarga | Surel | Mendengarkan Lagu | Dokumenter | Teman | Sahabat Pena | Tutorial | Cinta | Rekaman,29,0,1,1,0
2020-10-16,Jumat,21,Netral,2,lemah,Belajar | Seni | Berdoa | Berpuasa | Jalan Kaki | Meditasi | Mandi | Dota 2 | Buku Audio | Menulis | Menonton Serial | Berita Terkini | Makan Enak | Reddit | Belajar Bahasa | Streaming | YouTube | Memasak | Membersihkan Rumah | Penelitian | Hal Baru | Tidur Siang Singkat | Mendengarkan Lagu | Dokumenter | Sahabat Pena | Coding | Tutorial,27,0,1,1,0
2018-06-26,Selasa,1,Netral,2,lemah,Dota 2 | Podcast | Buku Audio | Menonton Serial | Streaming | YouTube | Surel,7,0,0,0,0
2018-07-01,Minggu,19,Netral,2,bingung,Membaca | Meditasi | Mandi | Dota 2 | Buku Audio | Menonton Serial | Streaming | YouTube | Menonton Film | Surel | Mendengarkan Lagu | Pekerjaan | Catatan Berat Badan,13,1,1,0,0
2018-12-28,Jumat,19,Netral,2,bertanya-tanya,Berdoa | Dota 2 | Podcast | Berita Terkini | Makan Enak | Streaming | YouTube | Menonton Film | Bermain Game,9,0,0,0,0
2018-06-26,Selasa,1,Netral,2,lemah,Dota 2 | Podcast | Buku Audio | Menonton Serial | Streaming | YouTube | Surel,7,0,0,0,0
2019-09-17,Selasa,13,Netral,2,bingung,Seni | Berpuasa | Meditasi | Berita Terkini | Reddit | Desain,6,0,1,0,0
2019-11-22,Jumat,21,Netral,2,bertanya-tanya,Berdoa | Berpuasa | Jalan Kaki | Meditasi | Mandi | Buku Audio | Menonton Serial | Berita Terkini | Reddit | YouTube | Diet Keto | Catatan Berat Badan,12,0,1,1,0
2018-03-01,Kamis,12,Netral,2,biasa saja,Dota 2 | Makan Enak | Streaming | YouTube | Tidur Siang Singkat,5,0,0,0,0
2018-02-21,Rabu,14,Netral,2,bertanya-tanya,YouTube | Tidur Siang Singkat,2,0,0,0,0
2021-03-21,Minggu,3,Netral,2,lemah,Membaca | Berdoa | Berpuasa | Jalan Kaki | Meditasi | Mandi | Buku Audio | Menulis | Menonton Serial | Berita Terkini | Makan Enak | Reddit | Belajar Bahasa | Streaming | YouTube | Memasak | Penelitian | Hal Baru | Tidur Siang Singkat | Dokumenter | Sahabat Pena | Coding | Tutorial,23,1,1,1,0
2020-01-22,Rabu,21,Netral,2,bertanya-tanya,Jalan Kaki | Meditasi | Dota 2 | Buku Audio | Menonton Serial | Berita Terkini | Makan Enak | Reddit | Streaming | YouTube | Tidur Siang Singkat,11,0,1,1,0
2018-02-04,Minggu,11,Netral,2,biasa saja,Meditasi | YouTube | Penelitian,3,1,1,0,0
2020-08-11,Selasa,21,Netral,2,bertanya-tanya,Membaca | Seni | Berdoa | Berpuasa | Membaca Quran | Jalan Kaki | Meditasi | Mandi | Podcast | Buku Audio | Menulis | Menonton Serial | Berita Terkini | Makan Enak | Reddit | Belajar Bahasa | Poetry | Streaming | YouTube | Membersihkan Rumah | Tidur Siang Singkat | Mendengarkan Lagu | Desain | Dokumenter | Cinta,25,0,1,1,0
2020-08-02,Minggu,21,Netral,2,biasa saja,Membaca | Berdoa | Berpuasa | Membaca Quran | Jalan Kaki | Meditasi | Mandi | Dota 2 | Podcast | Buku Audio | Menulis | Menonton Serial | Berita Terkini | Makan Enak | Reddit | Belajar Bahasa | Streaming | YouTube | Membersihkan Rumah | Penelitian | Keluarga | Tidur Siang Singkat | Dokumenter,23,1,1,1,0
2018-02-22,Kamis,14,Netral,2,bingung,Mandi | Menonton Serial | YouTube | Menonton Film | Tidur Siang Singkat,5,0,0,0,0
2020-07-07,Selasa,21,Netral,2,lemah,Membaca | Berdoa | Berpuasa | Membaca Quran | Jalan Kaki | Meditasi | Dota 2 | Podcast | Buku Audio | Menulis | Menonton Serial | Berita Terkini | Makan Enak | Reddit | Belajar Bahasa | Streaming | YouTube | Keluarga | Mendengarkan Lagu | Cinta,20,0,1,1,0
2020-10-02,Jumat,21,Netral,2,lemah,Belajar | Seni | Berdoa | Berpuasa | Membaca Quran | Jalan Kaki | Mandi | Buku Audio | Menulis | Menonton Serial | Berita Terkini | Makan Enak | Reddit | Belajar Bahasa | Streaming | YouTube | Memasak | Membersihkan Rumah | Penelitian | Hal Baru | Tidur Siang Singkat | Perbaikan | Sahabat Pena | Coding | Tutorial,25,0,0,1,0
2018-07-01,Minggu,19,Netral,2,bingung,Membaca | Meditasi | Mandi | Dota 2 | Buku Audio | Menonton Serial | Streaming | YouTube | Menonton Film | Surel | Mendengarkan Lagu | Pekerjaan | Catatan Berat Badan,13,1,1,0,0
2020-06-20,Sabtu,21,Netral,2,lemah,Membaca | Berdoa | Berpuasa | Membaca Quran | Jalan Kaki | Meditasi | Buku Audio | Berita Terkini | Makan Enak | Reddit | Streaming | YouTube | Keluarga | Tidur Siang Singkat | Mendengarkan Lagu | Desain | Dokumenter | Cinta,18,1,1,1,0
2020-06-05,Jumat,21,Netral,2,bingung,Seni | Berpuasa | Makan Enak | Reddit | Belajar Bahasa | Streaming | YouTube | Tidur Siang Singkat | Mendengarkan Lagu | Desain | Sahabat Pena,11,0,0,0,0
2018-11-05,Senin,10,Netral,2,bertanya-tanya,Membaca | Meditasi | Buku Audio | Berita Terkini | YouTube | Hal Baru | Sahabat Pena | Catatan Berat Badan,8,0,1,0,0
2020-07-24,Jumat,21,Netral,2,bertanya-tanya,Belajar | Seni | Menulis Jurnal | Berdoa | Berpuasa | Membaca Quran | Jalan Kaki | Meditasi | Mandi | Dota 2 | Podcast | Buku Audio | Menulis | Menonton Serial | Berita Terkini | Makan Enak | Reddit | Belajar Bahasa | Streaming | YouTube | Membersihkan Rumah | Penelitian | Tidur Siang Singkat | Desain,24,0,1,1,0
2018-06-13,Rabu,14,Netral,2,bingung,Surel | Pekerjaan,2,0,0,0,0
2020-08-12,Rabu,20,Netral,2,lemah,Seni | Berdoa | Berpuasa | Membaca Quran | Jalan Kaki | Meditasi | Mandi | Podcast | Buku Audio | Menulis | Menonton Serial | Berita Terkini | Makan Enak | Reddit | Belajar Bahasa | Streaming | YouTube | Penelitian | Hal Baru | Tidur Siang Singkat | Mendengarkan Lagu | Dokumenter | Tutorial | Cinta,24,0,1,1,0
